#s_m,x_m,y_m,psi_rad,kappa_radpm,vx_mps,ax_mps2
0.0,89656.3124028,43129.1596191,2.9625697,-0.0940589,8.333,0.0
0.9989273,89656.0795951,43128.1542065,2.8655279,-0.0940706,8.333,0.0
1.9978546,89655.7650389,43127.2140057,2.7717306,-0.0953825,8.333,0.0
2.9967818,89655.3728263,43126.3282226,2.6755859,-0.1102118,8.333,0.0
3.9957091,89654.8834313,43125.4811003,2.5571405,-0.1266398,8.333,0.0
4.9946364,89654.2710646,43124.6712756,2.4337306,-0.1118898,8.333,0.0
5.9935637,89653.5787358,43123.9435283,2.3307328,-0.0987756,8.333,0.0
6.9924909,89652.8052059,43123.2816196,2.2232413,-0.1179131,8.333,0.0
7.9914182,89651.9815621,43122.7349623,2.0807243,-0.1649711,8.333,0.0
8.9903455,89651.0691829,43122.310556,1.9436333,-0.0943338,8.333,0.0
9.9892728,89650.1454996,43121.9792457,1.9050197,0.0161294,8.333,0.0
10.9882,89649.2406594,43121.6535471,1.9185585,-0.0215216,8.333,0.0
11.9871273,89648.298088,43121.3358238,1.8622816,-0.0878848,8.333,0.0
12.9860546,89647.2972718,43121.0936575,1.7467366,-0.1270156,8.333,0.0
13.9849819,89645.8916082064,43121.088358427936,1.6284335,-0.1205568,8.333,0.0
14.9839091,89644.71698512361,43121.0782431819,1.5082578,-0.1188395,8.333,0.0
15.9828364,89643.57094211681,43121.17584156787,1.3848191,-0.1157389,8.333,0.0
16.9817637,89642.451095464,43121.36771111384,1.2821738,-0.0923886,8.333,0.0
17.980691,89641.589460466,43121.65272424783,1.1963022,-0.0793428,8.333,0.0
18.9796182,89640.75775743401,43122.00863196584,1.1201963,-0.0746147,8.333,0.0
19.9785455,89639.956180444,43122.41447503183,1.0502235,-0.0556522,8.333,0.0
20.9774728,89639.173767208,43122.85756403984,1.0077383,-0.0270697,8.333,0.0
21.9764001,89638.405314826,43123.32220565384,0.9989257,0.0109909,8.333,0.0
22.9753273,89637.653499268,43123.79286778184,1.0123717,0.0084245,8.333,0.0
23.9742546,89636.91058955199,43124.26486761584,1.0138906,-0.0055032,8.333,0.0
24.9731819,89636.16054172,43124.74776596383,1.0026158,-0.0162302,8.333,0.0
25.9721092,89635.415078218,43125.24142697983,0.9836834,-0.0225073,8.333,0.0
26.9710364,89634.678737728,43125.75100715984,0.9579627,-0.0279271,8.333,0.0
27.9699637,89633.95246885,43126.28235547783,0.9274585,-0.0313901,8.333,0.0
28.968891,89633.23755210401,43126.83952339184,0.8951747,-0.0338162,8.333,0.0
29.9678183,89632.54447024,43127.41900295384,0.8593709,-0.0374763,8.333,0.0
30.9667455,89631.79536280481,43128.211671323865,0.819653,-0.0398367,8.333,0.0
31.9656728,89631.05545334962,43129.0441461239,0.7804695,-0.0384343,8.333,0.0
32.9646001,89630.3277082464,43129.91521394394,0.7427099,-0.0372722,8.333,0.0
33.9635274,89629.5217275,43130.9751972,0.7061887,-0.0352764,8.333,0.0
34.9624546,89628.8851452,43131.7475364,0.6733129,-0.0303474,8.333,0.0
35.9613819,89628.31999602568,43132.60298492856,0.6456322,-0.0251043,8.333,0.0
36.9603092,89627.75484685134,43133.45843345711,0.6232332,-0.0203001,8.333,0.0
37.9592365,89627.18969767702,43134.31388198568,0.6042572,-0.017675,8.333,0.0
38.9581637,89626.6245485027,43135.16933051423,0.587903,-0.015072,8.333,0.0
39.957091,89626.05939932837,43136.02477904279,0.5741429,-0.0125072,8.333,0.0
40.9560183,89625.49425015405,43136.88022757135,0.5628702,-0.0100318,8.333,0.0
41.9549456,89624.92910097973,43137.7356760999,0.5540931,-0.0075417,8.333,0.0
42.9538728,89624.3639518054,43138.59112462847,0.5478103,-0.005124,8.333,0.0
43.9528001,89623.79880263108,43139.44657315702,0.5436141,-0.0032606,8.333,0.0
44.9517274,89623.23365345676,43140.30202168558,0.5412938,-0.0013825,8.333,0.0
45.9506547,89622.66850428242,43141.15747021414,0.5408571,0.0004768,8.333,0.0
46.9495819,89622.1033551081,43142.01291874269,0.5421214,0.0020536,8.333,0.0
47.9485092,89621.53820593379,43142.86836727126,0.5449631,0.0036391,8.333,0.0
48.9474365,89620.97305675945,43143.72381579981,0.5493844,0.0051959,8.333,0.0
49.9463638,89620.40790758513,43144.57926432837,0.5552298,0.0065004,8.333,0.0
50.945291,89619.84275841081,43145.43471285693,0.5623781,0.0078139,8.333,0.0
51.9442183,89619.27760923648,43146.29016138549,0.5708204,0.0088371,8.333,0.0
52.9431456,89618.71246006216,43147.14560991405,0.5788773,0.0073013,8.333,0.0
53.9420729,89618.14731088784,43148.001058442605,0.5853849,0.0057283,8.333,0.0
54.9410001,89617.58216171351,43148.85650697116,0.5903186,0.0041635,8.333,0.0
55.9399274,89617.01701253919,43149.71195549972,0.5937772,0.0027963,8.333,0.0
56.9388547,89616.45186336487,43150.56740402828,0.5958935,0.0014459,8.333,0.0
57.937782,89615.88671419054,43151.42285255684,0.5966285,-0.0010907,8.333,0.0
58.9367092,89615.32156501622,43152.2783010854,0.5878698,-0.0164382,8.333,0.0
59.9356365,89614.72260182785,43153.15728723394,0.5638523,-0.0315898,8.333,0.0
60.9345638,89614.10623525691,43154.10062203281,0.5246127,-0.0467123,8.333,0.0
61.9334911,89613.53632606845,43155.04913536434,0.4702072,-0.0629664,8.333,0.0
62.9324183,89613.09298654611,43156.005030085056,0.3998705,-0.0778867,8.333,0.0
63.9313456,89612.7395004553,43156.95863987577,0.3149337,-0.0900395,8.333,0.0
64.9302729,89612.4872799976,43157.898763794685,0.2223633,-0.0943516,8.333,0.0
65.9292002,89612.2594922536,43158.8997521253,0.1223888,-0.1056183,8.333,0.0
66.9281274,89612.18156130276,43159.76688417601,0.0082689,-0.1260387,8.333,0.0
67.9270547,89612.32496371008,43160.550290749896,-0.1233983,-0.1145636,8.333,-2.4651385
68.925982,89612.51428495899,43161.3762393535,-0.2291662,-0.0923457,8.0320546,-5.926419
69.9249093,89612.84405354659,43162.18728443241,-0.3071098,-0.0746352,7.2576703,-2.3647013
70.9238365,89613.33415391188,43163.03720283889,-0.4378368,-0.2056345,6.924554,-0.2226777
71.9227638,89613.93975168184,43163.83936444116,-0.6766832,-0.2526073,6.892356,-0.2226777
72.9216911,89614.61985885122,43164.54509940479,-0.8775821,-0.1604996,6.8600068,-1.333452
73.9206184,89615.39578404972,43165.1417687018,-1.0387964,-0.1689156,6.6630061,-0.2061738
74.9195456,89616.25594820372,43165.61308756868,-1.259108,-0.2728281,6.6320242,-0.2061738
75.9184729,89617.1596128239,43165.89101890599,-1.491625,-0.1619097,6.6008969,4.7410537
76.9174002,89618.16427838542,43166.07337086471,-1.5583271,-0.0308414,7.2831158,5.0513573
77.9163275,89619.19570023482,43166.120387248666,-1.6379365,-0.1288184,7.9457946,3.1550027
78.9152547,89620.3495117868,43166.24216891431,-1.798909,-0.170055,8.333,0.0
79.914182,89621.25210628728,43165.96171358936,-1.9605884,-0.1300442,8.333,0.0
80.9131093,89622.11007839709,43165.59671970657,-2.070434,-0.0962323,8.333,0.0
81.9120366,89622.91433549295,43165.16260380429,-2.1631865,-0.0874047,8.333,0.0
82.9109638,89623.81471529856,43164.4279643202,-2.2564983,-0.0961629,8.333,0.0
83.9098911,89624.60590458938,43163.61517095844,-2.3571219,-0.0991244,8.333,0.0
84.9088184,89625.36244567038,43162.721533148695,-2.4521389,-0.0920689,8.333,0.0
85.9077457,89626.280602,43161.5900181,-2.5348117,-0.0765409,8.333,0.0
86.9066729,89626.8190617,43160.7526111,-2.6027848,-0.0602752,8.333,0.0
87.9056002,89627.3086492,43159.8797061,-2.6556542,-0.0456221,8.333,0.0
88.9045275,89627.7577091,43158.985473,-2.6945295,-0.0322253,8.333,0.0
89.9034548,89628.1775267,43158.0746614,-2.7238523,-0.0262134,8.333,0.0
90.902382,89628.5714817,43157.1574856,-2.7468696,-0.0198453,8.333,0.0
91.9013093,89628.9463497,43156.2348626,-2.7633545,-0.0132307,8.333,0.0
92.9002366,89629.3097596,43155.3040403,-2.7749347,-0.0102364,8.333,0.0
93.8991639,89629.6635899,43154.3696521,-2.7838263,-0.0075628,8.333,0.0
94.8980911,89630.010057,43153.4334151,-2.7900432,-0.0048915,8.333,0.0
95.8970184,89630.3523405,43152.4945559,-2.7934287,-0.0018297,8.333,0.0
96.8959457,89630.6927346,43151.5555524,-2.79369,0.0013083,8.333,0.0
97.894873,89631.0342704,43150.6172276,-2.7908158,0.004447,8.333,0.0
98.8938002,89631.3799771,43149.6803116,-2.7849321,0.0072816,8.333,0.0
99.8927275,89631.7325839,43148.7456819,-2.7762752,0.0100511,8.333,0.0
100.8916548,89632.0946127,43147.8144994,-2.7648482,0.0128244,8.333,0.0
101.8905821,89632.46784,43146.889949,-2.7503649,0.0164106,8.333,0.0
102.8895093,89632.8563822,43145.9710589,-2.7321257,0.0201244,8.333,0.0
103.8884366,89633.2645536,43145.0573766,-2.7102067,0.0236402,8.333,0.0
104.8873639,89633.6943776,43144.1536928,-2.6840472,0.0293602,8.333,0.0
105.8862912,89634.1506507,43143.2629846,-2.6511302,0.0365285,8.333,0.0
106.8852184,89634.89538818358,43142.03927907416,-2.6107841,0.0444505,8.333,0.0
107.8841457,89635.67744703047,43140.79920210363,-2.558977,0.0647289,8.333,0.0
108.883073,89636.43581943543,43139.70579615942,-2.4829027,0.0884565,8.333,0.0
109.8820003,89637.24892915944,43138.74682639513,-2.3853259,0.1039241,8.333,0.0
110.8809275,89638.13824373248,43137.90132090864,-2.2789152,0.0997412,8.333,0.0
111.8798548,89639.01905825897,43137.324658970334,-2.1780901,0.1004957,8.333,-1.5995472
112.8787821,89639.95550788837,43136.99759876302,-2.0686374,0.1219536,8.1389942,-2.7870118
113.8777094,89640.85008730578,43136.6806799437,-1.924619,0.1565286,7.7894276,-2.1238986
114.8766366,89641.72122298651,43136.50339789535,-1.7657817,0.1409611,7.5121197,-3.2432289
115.8755639,89642.57693026253,43136.48858962209,-1.6488454,0.1015627,7.0677042,-3.8248915
116.8744912,89643.39789809201,43136.63462154284,-1.5263641,0.1979028,6.5046803,-0.196492
117.8734185,89644.18469215508,43136.92659731378,-1.2748138,0.2862711,6.4744346,-0.196492
118.8723457,89644.98430701718,43137.357374401,-1.0358509,0.1824338,6.4440469,4.22965
119.871273,89645.71925797805,43137.87070280449,-0.8741466,0.1492074,7.0693681,-2.2149666
120.8702003,89646.35480614801,43138.45894760838,-0.7043423,0.2104443,6.7491321,-0.2115383
121.8691276,89646.8787100952,43139.10770799646,-0.4603008,0.2659093,6.7177498,-0.2115383
122.8680548,89647.28069106638,43139.81625778299,-0.2360597,0.1654732,6.6862201,4.3928733
123.8669821,89647.53299635423,43140.5953223144,-0.1111655,0.1147627,7.3131294,5.0493038
124.8659094,89647.67150450303,43141.43036148109,-0.0014424,0.1075576,7.9730569,2.9377781
125.8648367,89647.68884221159,43142.29692289047,0.1174341,0.1200947,8.333,0.0
126.8637639,89647.58559675181,43143.200832532246,0.2332168,0.1056936,8.333,0.0
127.8626912,89647.36227768162,43144.13837479761,0.3310426,0.0900949,8.333,0.0
128.8616185,89646.96142927845,43145.11083208471,0.4147142,0.0784221,8.333,0.0
129.8605458,89646.61472517745,43146.0402564594,0.4871462,0.0638175,8.333,0.0
130.859473,89645.79040097042,43147.20341952141,0.5414659,0.0443007,8.333,0.0
131.8584003,89645.16280851522,43148.19816956696,0.5749046,0.0229482,8.333,0.0
132.8573276,89644.48039575774,43149.17579319776,0.5901702,0.0114048,8.333,0.0
133.8562549,89643.8234670025,43150.08458231248,0.5985746,0.0053944,8.333,0.0
134.8551821,89643.20266138998,43150.92837461342,0.6009172,-0.0007037,8.333,0.0
135.8541094,89642.58185577746,43151.77216691434,0.5983846,-0.002995,8.333,0.0
136.8530367,89641.96105016496,43152.61595921527,0.5953244,-0.0031333,8.333,0.0
137.851964,89641.34024455244,43153.4597515162,0.5921222,-0.003276,8.333,0.0
138.8508912,89640.71943893992,43154.30354381712,0.5888112,-0.0033117,8.333,0.0
139.8498185,89640.0986333274,43155.14733611805,0.5855189,-0.0032806,8.333,0.0
140.8487458,89639.47782771489,43155.99112841898,0.5822576,-0.0032477,8.333,0.0
141.8476731,89638.85702210237,43156.83492071991,0.5790219,-0.0032438,8.333,0.0
142.8466003,89638.23621648985,43157.67871302083,0.5757752,-0.003258,8.333,0.0
143.8455276,89637.61541087735,43158.52250532176,0.5725128,-0.0032713,8.333,0.0
144.8444549,89636.99460526483,43159.36629762269,0.5692408,-0.0032794,8.333,0.0
145.8433822,89636.3737996523,43160.21008992362,0.5659637,-0.0032839,8.333,0.0
146.8423094,89635.7529940398,43161.05388222454,0.5626798,-0.003288,8.333,0.0
147.8412367,89635.13218842728,43161.89767452547,0.5596618,-0.0023588,8.333,0.0
148.840164,89634.51138281476,43162.7414668264,0.5581157,-0.0007404,8.333,0.0
149.8390913,89633.89057720224,43163.58525912733,0.5581808,0.0008681,8.333,0.0
150.8380185,89633.26977158972,43164.429051428255,0.560833,0.0061174,8.333,0.0
151.8369458,89632.64896597722,43165.27284372918,0.5711049,0.0144488,8.333,0.0
152.8358731,89632.02816036469,43166.11663603011,0.589716,0.0228059,8.333,0.0
153.8348004,89631.40735475218,43166.96042833103,0.6173649,0.0343101,8.333,0.0
154.8337276,89630.78654913967,43167.804220631966,0.6585435,0.0483695,8.333,0.0
155.8326549,89630.16996879112,43168.60849767503,0.7134046,0.0609157,8.333,0.0
156.8315822,89629.55383007659,43169.36949038592,0.7782565,0.0624102,8.333,0.0
157.8305095,89628.93528708823,43170.08436258933,0.8375288,0.0556868,8.333,0.0
158.8294367,89628.32666117954,43170.765391885456,0.891832,0.0536877,8.333,0.0
159.828364,89627.69383419785,43171.37858164904,0.9460019,0.0562423,8.333,0.0
160.8272913,89627.05154814126,43171.98234872679,1.0022048,0.0549936,8.333,0.0
161.8262186,89626.40457347415,43172.581451309314,1.0529178,0.0465304,8.333,0.0
162.8251458,89625.67518278546,43173.18891537155,1.0899516,0.0205292,8.333,0.0
163.8240731,89624.93141488195,43173.809692824514,1.0906981,-0.0181745,8.333,0.0
164.8230004,89624.17326976362,43174.4437836682,1.0536813,-0.0554134,8.333,0.0
165.8219277,89623.33270862371,43175.08623599159,0.979392,-0.0837635,8.333,0.0
166.8208549,89622.61384788247,43175.75190552772,0.8841405,-0.1043355,8.333,-3.4711574
167.8197822,89621.9391467695,43176.46110691664,0.7658268,-0.1391053,7.9059485,-2.2401638
168.8187095,89621.34817754474,43177.21635189832,0.6044212,-0.1728779,7.617644,-1.6678291
169.8176368,89620.87754968824,43178.03485439277,0.4189112,-0.1935878,7.3957028,-0.2540107
170.816564,89620.3778625,43178.8624609,0.2233353,-0.2214474,7.361314,-0.2540107
171.8154913,89620.2607086,43179.844418,0.0225174,-0.1717034,7.3267638,2.5310779
172.8144186,89620.3091992,43180.8417873,-0.1045746,-0.082051,7.6640846,5.0246647
173.8133459,89620.4445458,43181.8004785,-0.1810193,-0.1001173,8.2931744,0.3314289
174.8122731,89620.6796417,43182.7688881,-0.30184,-0.1394303,8.333,0.0
175.8112004,89621.058066,43183.7223767,-0.4561632,-0.1483729,8.333,0.0
176.8101277,89621.5479548,43184.5700131,-0.588038,-0.1243526,8.333,0.0
177.809055,89622.1607211,43185.3773074,-0.7092842,-0.1172025,8.333,0.0
178.8079822,89622.8630481,43186.1030035,-0.8298661,-0.1233239,8.333,0.0
179.8069095,89623.6295168,43186.7215103,-0.9547197,-0.1289537,8.333,0.0
180.8058368,89624.4805146,43187.2450708,-1.0835426,-0.127508,8.333,0.0
181.8047641,89625.4129971,43187.6651411,-1.2095473,-0.1155182,8.333,0.0
182.8036913,89626.3952482,43187.972781,-1.3242929,-0.1113573,8.333,-0.5549215
183.8026186,89627.3812338,43188.1605346,-1.4446341,-0.1336765,8.2662105,-0.3173262
184.8015459,89628.3673926,43188.2113179,-1.6027829,-0.1772624,8.227774,-0.3173262
185.8004732,89629.400259,43188.0868372,-1.7713951,-0.134977,8.189157,1.189574
186.7994004,89630.3116809,43187.8534851,-1.8555449,-0.033152,8.333,0.0
187.7983277,89631.2103579,43187.5734809,-1.9054342,-0.1054627,8.333,0.0
188.797255,89632.1259306,43187.187629,-2.0404211,-0.1456253,8.333,0.0
189.7961823,89632.9612005,43186.693656,-2.15879,-0.0869394,8.333,0.0
190.7951095,89633.752776,43186.1253331,-2.2220204,-0.0484213,8.333,0.0
191.7940368,89634.5775708,43185.4680996,-2.2618664,-0.0292359,8.333,0.0
192.7929641,89635.3870211,43184.7808421,-2.2838989,-0.0083779,8.333,0.0
193.7918914,89636.1674404,43184.1064577,-2.2780372,0.0205205,8.333,0.0
194.7908186,89636.9310918,43183.4743252,-2.2401824,0.0588047,8.333,0.0
195.7897459,89637.78390095998,43182.957510299995,-2.1562052,0.1002155,8.333,0.0
196.7886732,89638.62265707999,43182.4517951,-2.0570886,0.0864098,8.333,0.0
197.7876005,89639.49640818,43182.01375138001,-1.9914669,0.0470868,8.333,0.0
198.7865277,89640.40717629998,43181.66247462,-1.9352804,0.0982498,8.333,0.0
199.785455,89641.33316564,43181.41657698,-1.8024339,0.161553,8.333,0.0
200.7843823,89642.29264279999,43181.28005432,-1.6407087,0.1497746,8.333,0.0
201.7833096,89643.2867226636,43181.36281386719,-1.5074471,0.1296156,8.333,0.0
202.7822368,89644.29475478656,43181.6159013844,-1.3753721,0.1287472,8.333,0.0
203.7811641,89645.30182066851,43182.0279623144,-1.2454239,0.1153012,8.333,0.0
204.7800914,89646.30524620808,43182.583022264844,-1.1451486,0.0870388,8.333,0.0
205.7790187,89647.31598250968,43183.19642625002,-1.0690381,0.06515,8.333,0.0
206.7779459,89648.26634639788,43183.909790752194,-1.01289,0.0444463,8.333,0.0
207.7768732,89649.11911405952,43184.47904134516,-0.9807684,0.0185165,8.333,0.0
208.7758005,89649.95861974721,43185.05624089748,-0.9763071,-0.0101875,8.333,0.0
209.7747278,89650.9082865784,43185.54134574493,-1.0003947,-0.0341135,8.333,0.0
210.773655,89652.01347949574,43186.0281996032,-1.038944,-0.0432294,8.333,0.0
211.7725823,89652.97888123,43186.45346028542,-1.0844966,-0.0470586,8.333,0.0
212.7715096,89653.97112307182,43186.78484268277,-1.1338585,-0.0567982,8.333,0.0
213.7704369,89654.94760271133,43187.0355316776,-1.2018729,-0.0800422,8.333,0.0
214.7693641,89655.81791402579,43187.14848928002,-1.2969999,-0.1101882,8.333,-0.4638335
215.7682914,89656.65953691797,43187.17361317058,-1.4252886,-0.1188445,8.2772107,-3.4582855
216.7672187,89657.50327429382,43187.10858830935,-1.5364592,-0.0920581,7.8487621,-6.2514277
217.766146,89658.25140716758,43186.97815377993,-1.6175288,-0.0790095,7.0081112,-3.0518621
218.7650732,89658.94304475028,43186.75988130852,-1.7350416,-0.2127042,6.5586924,-0.1997688
219.7640005,89659.5654109336,43186.44998300552,-2.0055394,-0.2815755,6.5281955,-0.1997688
220.7629278,89660.18534127167,43185.91743372583,-2.2192658,-0.2237839,6.4975555,2.3543442
221.7618551,89660.75418872651,43185.27252822829,-2.4456763,-0.2112229,6.8499537,1.8690797
222.7607823,89661.25516754846,43184.525417314864,-2.6417495,-0.1542231,7.1173039,-1.5503577
223.7597096,89661.84855257178,43183.63289251471,-2.7939107,-0.1534404,6.8962762,-0.6047354
224.7586369,89662.11505426618,43182.8105305175,-2.9821197,-0.2505376,6.8081166,-0.2405902
225.7575642,89662.25432368493,43181.95355659389,3.0389736,-0.2067597,6.7727238,-0.3065115
226.7564914,89662.24366117432,43181.12380190209,2.9448732,-0.0471853,6.7273637,-0.2101759
227.7554187,89662.10041432828,43180.28774923763,2.7730262,-0.267633,6.6960826,-0.2101759
228.754346,89661.82828918728,43179.48535607626,2.5288956,-0.1708341,6.6646546,4.2037498
229.7532733,89661.43589783188,43178.7377239307,2.4041071,-0.1125003,7.2674687,5.0524245
230.7522005,89660.93169776192,43178.06771561967,2.2932321,-0.105283,7.9315894,3.2678946
231.7511278,89660.27642675593,43177.497246975356,2.1724588,-0.1162634,8.333,0.0
232.7500551,89659.3778356567,43176.89420831394,2.0588612,-0.1064077,8.333,0.0
233.7489824,89658.3642221347,43176.32692951807,1.954735,-0.102921,8.333,0.0
234.7479096,89657.22066565444,43175.76288485502,1.8537506,-0.1042225,8.333,0.0
235.7468369,89655.95666044168,43175.140976788396,1.7754022,-0.042722,8.333,0.0
236.7457642,89654.67061326014,43174.59399347576,1.7720009,0.038813,8.333,0.0
237.7446915,89653.65869557517,43174.1734647447,1.848504,0.0983721,8.333,0.0
238.7436187,89652.64677789022,43173.75293601365,1.9313285,0.0708075,8.333,0.0
239.742546,89651.63486020525,43173.332407282585,1.9866749,0.0394454,8.333,0.0
240.7414733,89650.62294252028,43172.91187855152,2.0178874,0.0341663,8.333,0.0
241.7404006,89649.6110248353,43172.49134982047,2.0597332,0.0505652,8.333,0.0
242.7393278,89648.60717461219,43172.01426380013,2.1200886,0.0685987,8.333,0.0
243.7382551,89647.80783218614,43171.46054434623,2.2012556,0.0836976,8.333,-2.0023872
244.7371824,89647.03457462149,43170.87814730437,2.2950232,0.0980379,8.0894011,-4.5277909
245.7361097,89646.40133264205,43170.22899790275,2.4085339,0.137191,7.5094968,-0.6416836
246.7350369,89645.91634347918,43169.50523508583,2.5785697,0.2107881,7.4236482,-0.2559339
247.7339642,89645.58601810073,43168.70385344558,2.8057877,0.2197833,7.3891294,-0.2559339
248.7328915,89645.48138904177,43167.797019432604,2.9851212,0.1490634,7.3544487,1.4884464
249.7318188,89645.54555329897,43166.84971141739,-3.125645,0.210299,7.5539138,-0.2674763
250.730746,89645.76647105963,43165.88157642974,-2.9062761,0.2101476,7.5184597,-0.1440328
251.7296733,89646.13893051547,43164.9226487144,-2.731163,0.1425235,7.4992986,3.7209288
252.7286006,89646.63378584139,43164.025506680926,-2.6096133,0.1069489,7.9795585,2.8858635
253.7275279,89647.16518426417,43163.24109323179,-2.5044683,0.0987716,8.333,0.0
254.7264551,89647.71747878754,43162.457569302,-2.4062597,0.0955546,8.333,0.0
255.7253824,89648.36511880223,43161.886480894565,-2.3158386,0.0858135,8.333,0.0
256.7243097,89649.07971968225,43161.40147985342,-2.2360094,0.0724387,8.333,0.0
257.723237,89649.8527391095,43160.99004018492,-2.1625814,0.0806406,8.333,0.0
258.7221642,89650.66493893976,43160.62852011572,-2.0767701,0.0918894,8.333,0.0
259.7210915,89651.5000000438,43160.31034450476,-1.9781013,0.1017687,8.333,0.0
260.7200188,89652.36177595767,43160.03780319435,-1.8762387,0.1022492,8.333,0.0
261.7189461,89653.21074360338,43159.79142955733,-1.7759001,0.1010932,8.333,0.0
262.7178733,89654.0778391095,43159.6140874138,-1.6737645,0.1013401,8.333,0.0
263.7168006,89655.10963639889,43159.64448211782,-1.5690652,0.097691,8.333,0.0
264.7157279,89656.14585871078,43159.68287108033,-1.4696985,0.0940749,8.333,-1.2215395
265.7146552,89657.32075831036,43159.81207273375,-1.3679992,0.1107811,8.1852569,-1.9178865
266.7135824,89658.46104516592,43160.05097300268,-1.2452012,0.1642985,7.9477527,-0.950174
267.7125097,89659.51199969156,43160.39541689444,-1.0448909,0.1850385,7.8274174,-0.3363097
268.711437,89660.43421273582,43160.866766981,-0.8955543,0.1106219,7.7843796,-3.3848838
269.7103643,89661.21731385737,43161.48710163306,-0.809159,0.1647185,7.3371697,-0.2500059
270.7092915,89661.77203806228,43162.283573507746,-0.5963983,0.2249947,7.3030531,-0.2500059
271.7082188,89662.30736077062,43163.08504763017,-0.4349429,0.0832581,7.2687763,5.0523354
272.7071461,89662.72595813201,43164.24245505431,-0.4008326,-0.0015669,7.9327763,3.2584698
273.7060734,89663.10896760706,43165.50780608406,-0.4326988,-0.0572229,8.333,0.0
274.7050006,89663.48085228242,43166.97170168556,-0.5102842,-0.0586849,8.333,-6.6615429
275.7039279,89663.87035385071,43168.17483887363,-0.5539431,-0.0210954,7.4920021,-10.119982
276.7028552,89664.25510969674,43168.93799938739,-0.5461314,0.0570384,5.9926491,-0.1667749
277.7017825,89664.98520569483,43169.69741551276,-0.5771418,-0.3372809,5.9647842,-0.1667749
278.7007097,89665.60093735349,43170.30813952327,-0.9437093,-0.2053688,5.9367886,4.596469
279.699637,89666.28127386377,43170.80559451978,-1.0623084,-0.0953291,6.6654734,5.0917412
280.6985643,89667.0340813396,43171.18260285172,-1.1625467,-0.1041874,7.3892553,3.5937935
281.6974916,89667.72061096286,43171.30278891446,-1.3145838,-0.1942346,7.8600872,-0.2895983
282.6964188,89668.50732364386,43171.34928034779,-1.5260562,-0.1905834,7.823196,0.0489516
283.6953461,89669.34293514064,43171.29539066584,-1.6516816,-0.061285,7.829444,4.0737177
284.6942734,89670.37846855383,43170.96545508684,-1.7128852,-0.1142469,8.333,-0.2949633
285.6932007,89671.53482423324,43170.49528906848,-1.8608959,-0.174293,8.2975656,-0.3227325
286.6921279,89672.68882953748,43169.918062626224,-2.0465994,-0.1536456,8.2586211,0.6176958
287.6910552,89674.1953065,43169.1008585,-2.1664828,-0.10134,8.333,0.0
288.6899825,89675.0174478,43168.4834837,-2.260824,-0.08664,8.333,0.0
289.6889098,89675.7675137,43167.806072,-2.3517174,-0.0979851,8.333,0.0
290.687837,89676.4678844,43167.0334237,-2.459023,-0.1011927,8.333,0.0
291.6867643,89677.0539102,43166.2393767,-2.5482797,-0.0751899,8.333,0.0
292.6856916,89677.5692662,43165.4241694,-2.600252,-0.0309845,8.333,0.0
293.6846189,89678.0509592,43164.5929316,-2.635599,-0.0462611,8.333,0.0
294.6835461,89678.5093974,43163.7129759,-2.6895083,-0.0613726,8.333,0.0
295.6824734,89678.9306515,43162.7655615,-2.7584949,-0.0705532,8.333,0.0
296.6814007,89679.2742465,43161.8192489,-2.8274283,-0.0672858,8.333,0.0
297.680328,89679.5542831,43160.8429103,-2.8982327,-0.0739741,8.333,0.0
298.6792552,89679.7552464,43159.8717171,-2.9801611,-0.0941198,8.333,0.0
299.6781825,89679.8681777,43158.8386204,-3.085521,-0.0984446,8.333,0.0
300.6771098,89679.8774894,43157.8282153,3.1074788,-0.0774641,8.333,0.0
301.6760371,89679.8156063,43156.8886672,3.0496203,-0.0426385,8.333,0.0
302.6749643,89679.6993821,43155.9063943,2.9896277,-0.0864325,8.333,0.0
303.6738916,89679.5023211,43154.9411664,2.885368,-0.1189332,8.333,0.0
304.6728189,89679.1982793,43154.0080914,2.768742,-0.11488,8.333,0.0
305.6717462,89678.7912149,43153.1171892,2.6573446,-0.1142978,8.333,0.0
306.6706734,89678.2585356,43152.2370091,2.5359074,-0.1228345,8.333,0.0
307.6696007,89677.6339023,43151.4464566,2.410561,-0.1205297,8.333,0.0
308.668528,89676.9261104,43150.7449838,2.2938436,-0.1145969,8.333,0.0
309.6674553,89676.1345183,43150.1234674,2.1790242,-0.1143645,8.333,0.0
310.6663825,89675.2638284,43149.5896052,2.0644923,-0.1046496,8.333,0.0
311.6653098,89674.3439568,43149.1532931,1.9650473,-0.0919145,8.333,0.0
312.6642371,89673.4210193,43148.8162273,1.8776091,-0.0874226,8.333,0.0
313.6631644,89672.443076,43148.5526111,1.7935434,-0.0703813,8.333,0.0
314.6620916,89671.460386,43148.3589213,1.7453992,-0.0217504,8.333,0.0
315.6610189,89670.5175484,43148.1932302,1.7542639,0.0370374,8.333,0.0
316.6599462,89669.5805142,43148.0084237,1.7702481,-0.0035415,8.333,0.0
317.6588735,89668.5936555,43147.8169422,1.7494588,-0.0343733,8.333,0.0
318.6578007,89667.6068545,43147.658098,1.7120787,-0.0307104,8.333,0.0
319.656728,89666.6348444,43147.5321049,1.6896181,-0.0164945,8.333,0.0
320.6556553,89665.6128128,43147.4170722,1.6777272,-0.0071581,8.333,0.0
321.6545826,89664.5758764,43147.3079859,1.6762981,0.0104602,8.333,0.0
322.6535098,89663.5558633,43147.1883112,1.7050781,0.0468161,8.333,0.0
323.6524371,89662.57623,43147.0255699,1.7734938,0.0937402,8.333,0.0
324.6513644,89661.6297558,43146.7753456,1.8940157,0.1408942,8.333,0.0
325.6502917,89660.6738234,43146.3771235,2.0350952,0.1298478,8.333,0.0
326.6492189,89659.8307561,43145.8888133,2.1536346,0.1123825,8.333,0.0
327.6481462,89659.0572071,43145.3180926,2.2630215,0.1333106,8.333,0.0
328.6470735,89658.3536053,43144.6450138,2.4088821,0.1566308,8.333,0.0
329.6460008,89657.7315347,43143.8370069,2.5569395,0.1274432,8.333,0.0
330.644928,89657.2520707,43143.0153998,2.6667013,0.1078201,8.333,0.0
331.6438553,89656.8374865,43142.0889102,2.7750644,0.1082486,8.333,0.0
332.6427826,89656.5228233,43141.1010711,2.8937344,0.1183312,8.333,0.0
333.6417099,89656.3317115,43140.1231741,2.9993174,0.0934979,8.333,0.0
334.6406371,89656.2323346,43139.1283991,3.0807641,0.0697116,8.333,0.0
335.6395644,89656.2026491,43138.1286709,3.1394013,0.0478017,8.333,0.0
336.6384917,89656.2221454,43137.1242876,-3.1030101,0.0332803,8.333,0.0
337.637419,89656.274801,43136.1266149,-3.077215,0.018276,8.333,0.0
338.6363462,89656.3452329,43135.1352926,-3.0666614,0.0028822,8.333,0.0
339.6352735,89656.4196404,43134.1306324,-3.0710798,-0.0116097,8.333,0.0
340.6342008,89656.4818768,43133.1317946,-3.0901679,-0.0267192,8.333,0.0
341.6331281,89656.5170904,43132.1427642,-3.1245086,-0.0429055,8.333,0.0
342.6320553,89656.5098318,43131.1245345,3.1080242,-0.0565071,8.333,0.0
343.6309826,89656.4452586,43130.124267,3.0434747,-0.0730113,8.333,0.0
344.6299099,89656.3124028,43129.1596191,2.9625697,-0.0940589,8.333,0.0
