actuation_accel_cmd,actuation_brake_cmd,actuation_steer_cmd,stamp
1.0,0.0,-0.44589710235595703,1759203611138378884
1.0,0.0,-0.4458971321582794,1759203611138513895
1.0,0.0,-0.4458971321582794,1759203611138845308
1.0,0.0,-0.4458971321582794,1759203611138877020
1.0,0.0,-0.4458971321582794,1759203611140779921
1.0,0.0,-0.44591885805130005,1759203611150787432
1.0,0.0,-0.44591885805130005,1759203611160771756
1.0,0.0,-0.44591888785362244,1759203611170791873
1.0,0.0,-0.44591888785362244,1759203611180807528
1.0,0.0,-0.4459032118320465,1759203611190760863
1.0,0.0,-0.4459032118320465,1759203611200761178
1.0,0.0,-0.4459032118320465,1759203611210831717
1.0,0.0,-0.4459032118320465,1759203611220758973
1.0,0.0,-0.4459032118320465,1759203611230824311
1.0,0.0,-0.4459032118320465,1759203611240786697
1.0,0.0,-0.4458886682987213,1759203611250761171
1.0,0.0,-0.4458886682987213,1759203611260753516
1.0,0.0,-0.4458886682987213,1759203611270741714
1.0,0.0,-0.4458886682987213,1759203611280769532
1.0,0.0,-0.4458743631839752,1759203611290755598
1.0,0.0,-0.4458743631839752,1759203611300777386
1.0,0.0,-0.4458743631839752,1759203611310746454
1.0,0.0,-0.4458743631839752,1759203611320764761
1.0,0.0,-0.4458743631839752,1759203611330817833
1.0,0.0,-0.4458743631839752,1759203611340750108
1.0,0.0,-0.4458616375923157,1759203611350787805
1.0,0.0,-0.4458616375923157,1759203611360814354
1.0,0.0,-0.4458616375923157,1759203611370763478
1.0,0.0,-0.4458616375923157,1759203611380813992
1.0,0.0,-0.44587722420692444,1759203611390836269
1.0,0.0,-0.44587722420692444,1759203611400778483
1.0,0.0,-0.44587722420692444,1759203611410745426
1.0,0.0,-0.44587722420692444,1759203611420779206
1.0,0.0,-0.44587722420692444,1759203611430753127
1.0,0.0,-0.44587722420692444,1759203611440780547
1.0,0.0,-0.44589102268218994,1759203611450757887
1.0,0.0,-0.44589102268218994,1759203611460759321
1.0,0.0,-0.44589102268218994,1759203611470788971
1.0,0.0,-0.44589102268218994,1759203611480804595
1.0,0.0,-0.44590410590171814,1759203611490758520
1.0,0.0,-0.44590410590171814,1759203611500786118
1.0,0.0,-0.44590410590171814,1759203611510738312
1.0,0.0,-0.44590410590171814,1759203611520795056
1.0,0.0,-0.44590410590171814,1759203611530756313
1.0,0.0,-0.44590410590171814,1759203611540750849
1.0,0.0,-0.44591471552848816,1759203611550741140
1.0,0.0,-0.44591471552848816,1759203611560736875
1.0,0.0,-0.44591471552848816,1759203611570786073
1.0,0.0,-0.44591471552848816,1759203611580847399
1.0,0.0,-0.4459044635295868,1759203611590804817
1.0,0.0,-0.4459044635295868,1759203611600828131
1.0,0.0,-0.4459044635295868,1759203611610745947
1.0,0.0,-0.4459044635295868,1759203611620857387
1.0,0.0,-0.4459044635295868,1759203611630771942
1.0,0.0,-0.4459044635295868,1759203611640744530
1.0,0.0,-0.44589513540267944,1759203611650771709
1.0,0.0,-0.44589513540267944,1759203611660767991
1.0,0.0,-0.44589513540267944,1759203611670751344
1.0,0.0,-0.44589513540267944,1759203611680817738
1.0,0.0,-0.4458860158920288,1759203611690747386
1.0,0.0,-0.4458860158920288,1759203611700758023
1.0,0.0,-0.4458860158920288,1759203611710798798
1.0,0.0,-0.4458860158920288,1759203611720794647
1.0,0.0,-0.4458860158920288,1759203611730775746
1.0,0.0,-0.4458860158920288,1759203611740755144
1.0,0.0,-0.44587820768356323,1759203611750740831
1.0,0.0,-0.44587820768356323,1759203611760784092
1.0,0.0,-0.44587820768356323,1759203611770747311
1.0,0.0,-0.44587820768356323,1759203611780770244
1.0,0.0,-0.44587045907974243,1759203611790749922
1.0,0.0,-0.44587045907974243,1759203611800771381
1.0,0.0,-0.44587045907974243,1759203611810803631
1.0,0.0,-0.44587045907974243,1759203611820737725
1.0,0.0,-0.44587045907974243,1759203611830830419
1.0,0.0,-0.44587045907974243,1759203611840771125
1.0,0.0,-0.44586339592933655,1759203611850764373
1.0,0.0,-0.44586339592933655,1759203611860807615
1.0,0.0,-0.44586339592933655,1759203611870783148
1.0,0.0,-0.44586339592933655,1759203611880765677
1.0,0.0,-0.4458564221858978,1759203611890750787
1.0,0.0,-0.4458564221858978,1759203611901067359
1.0,0.0,-0.4458564221858978,1759203611910813165
1.0,0.0,-0.4458564221858978,1759203611920753252
1.0,0.0,-0.4458564221858978,1759203611931059896
1.0,0.0,-0.4458564221858978,1759203611940794708
1.0,0.0,-0.4458502531051636,1759203611950792513
1.0,0.0,-0.4458502531051636,1759203611960757215
1.0,0.0,-0.4458502531051636,1759203611970819183
1.0,0.0,-0.4458502531051636,1759203611980854853
1.0,0.0,-0.44585251808166504,1759203611990766351
1.0,0.0,-0.44585251808166504,1759203612000806054
1.0,0.0,-0.44585251808166504,1759203612010775610
1.0,0.0,-0.44585251808166504,1759203612020784350
1.0,0.0,-0.44585251808166504,1759203612030766298
1.0,0.0,-0.44585251808166504,1759203612040782925
1.0,0.0,-0.4458528161048889,1759203612050802424
1.0,0.0,-0.4458528161048889,1759203612060789273
1.0,0.0,-0.4458528161048889,1759203612070803867
1.0,0.0,-0.4458528161048889,1759203612080836635
1.0,0.0,-0.44585272669792175,1759203612090767794
1.0,0.0,-0.44585272669792175,1759203612100831693
1.0,0.0,-0.44585272669792175,1759203612110780186
1.0,0.0,-0.44585272669792175,1759203612120791329
1.0,0.0,-0.44585272669792175,1759203612130800542
1.0,0.0,-0.44585272669792175,1759203612140778596
1.0,0.0,-0.44585132598876953,1759203612150768465
1.0,0.0,-0.44585132598876953,1759203612160772399
1.0,0.0,-0.44585132598876953,1759203612170742408
1.0,0.0,-0.44585132598876953,1759203612180810786
1.0,0.0,-0.44583770632743835,1759203612190742733
1.0,0.0,-0.44583770632743835,1759203612200776223
1.0,0.0,-0.44583770632743835,1759203612210793166
1.0,0.0,-0.44583770632743835,1759203612220759987
1.0,0.0,-0.44583770632743835,1759203612231026528
1.0,0.0,-0.44583770632743835,1759203612240754801
1.0,0.0,-0.4458235800266266,1759203612250755824
1.0,0.0,-0.4458235800266266,1759203612260765427
1.0,0.0,-0.4458235800266266,1759203612270774792
1.0,0.0,-0.4458235800266266,1759203612280740958
1.0,0.0,-0.44580963253974915,1759203612290808828
1.0,0.0,-0.44580963253974915,1759203612300772247
1.0,0.0,-0.44580963253974915,1759203612310753050
1.0,0.0,-0.44580963253974915,1759203612320762576
1.0,0.0,-0.44580963253974915,1759203612330807269
1.0,0.0,-0.44580963253974915,1759203612340764932
1.0,0.0,-0.44579634070396423,1759203612350812301
1.0,0.0,-0.44579634070396423,1759203612360792024
1.0,0.0,-0.44579634070396423,1759203612370816929
1.0,0.0,-0.44579634070396423,1759203612380790253
1.0,0.0,-0.44579240679740906,1759203612390764430
1.0,0.0,-0.44579240679740906,1759203612400856394
1.0,0.0,-0.44579240679740906,1759203612410758026
1.0,0.0,-0.44579240679740906,1759203612420835873
1.0,0.0,-0.44579240679740906,1759203612430743923
1.0,0.0,-0.44579240679740906,1759203612440794792
1.0,0.0,-0.44578859210014343,1759203612450809130
1.0,0.0,-0.44578859210014343,1759203612460778350
1.0,0.0,-0.44578859210014343,1759203612470751581
1.0,0.0,-0.44578859210014343,1759203612480810870
1.0,0.0,-0.4457848072052002,1759203612490771388
1.0,0.0,-0.4457848072052002,1759203612500764531
1.0,0.0,-0.4457848072052002,1759203612510766864
1.0,0.0,-0.4457848072052002,1759203612520777881
1.0,0.0,-0.4457848072052002,1759203612530757719
1.0,0.0,-0.4457848072052002,1759203612540771286
1.0,0.0,-0.44578155875205994,1759203612550745867
1.0,0.0,-0.44578155875205994,1759203612560758031
1.0,0.0,-0.44578155875205994,1759203612570817657
1.0,0.0,-0.44578155875205994,1759203612580984044
1.0,0.0,-0.4457666873931885,1759203612590787923
1.0,0.0,-0.4457666873931885,1759203612600782615
1.0,0.0,-0.4457666873931885,1759203612610772396
1.0,0.0,-0.4457666873931885,1759203612620775775
1.0,0.0,-0.4457666873931885,1759203612630800371
1.0,0.0,-0.4457666873931885,1759203612640916990
1.0,0.0,-0.44576385617256165,1759203612650748819
1.0,0.0,-0.44576385617256165,1759203612660744251
1.0,0.0,-0.44576385617256165,1759203612670786735
1.0,0.0,-0.44576385617256165,1759203612680787607
1.0,0.0,-0.4457608163356781,1759203612690797929
1.0,0.0,-0.4457608163356781,1759203612700802614
1.0,0.0,-0.4457608163356781,1759203612710822416
1.0,0.0,-0.4457608163356781,1759203612720823417
1.0,0.0,-0.4457608163356781,1759203612730789225
1.0,0.0,-0.4457608163356781,1759203612740911408
1.0,0.0,-0.4457589089870453,1759203612750852878
1.0,0.0,-0.4457589089870453,1759203612760889656
1.0,0.0,-0.4457589089870453,1759203612770795768
1.0,0.0,-0.4457589089870453,1759203612780752751
1.0,0.0,-0.4457416236400604,1759203612790861796
1.0,0.0,-0.4457416236400604,1759203612800788099
1.0,0.0,-0.4457416236400604,1759203612810751539
1.0,0.0,-0.4457416236400604,1759203612820782053
1.0,0.0,-0.4457416236400604,1759203612830810668
1.0,0.0,-0.4457416236400604,1759203612840820700
1.0,0.0,-0.4457240700721741,1759203612850784594
1.0,0.0,-0.4457240700721741,1759203612860807175
1.0,0.0,-0.4457240700721741,1759203612870779394
1.0,0.0,-0.4457240700721741,1759203612880785394
1.0,0.0,-0.4457068145275116,1759203612890791815
1.0,0.0,-0.4457068145275116,1759203612900845892
1.0,0.0,-0.4457068145275116,1759203612910752248
1.0,0.0,-0.4457068145275116,1759203612920828897
1.0,0.0,-0.4457068145275116,1759203612930737419
1.0,0.0,-0.4457068145275116,1759203612940785267
1.0,0.0,-0.44569069147109985,1759203612950752338
1.0,0.0,-0.44569069147109985,1759203612960784413
1.0,0.0,-0.44569069147109985,1759203612970807344
1.0,0.0,-0.44569069147109985,1759203612980850790
1.0,0.0,-0.4456748068332672,1759203612990799142
1.0,0.0,-0.4456748068332672,1759203613000875446
1.0,0.0,-0.4456748068332672,1759203613010774460
1.0,0.0,-0.4456748068332672,1759203613020920515
1.0,0.0,-0.4456748068332672,1759203613030807969
1.0,0.0,-0.4456748068332672,1759203613040765975
1.0,0.0,-0.4456596374511719,1759203613050840223
1.0,0.0,-0.4456596374511719,1759203613060882948
1.0,0.0,-0.4456596374511719,1759203613070785401
1.0,0.0,-0.4456596374511719,1759203613080795803
1.0,0.0,-0.4456447660923004,1759203613090762532
1.0,0.0,-0.4456447660923004,1759203613100808543
1.0,0.0,-0.4456447660923004,1759203613110828093
1.0,0.0,-0.4456447660923004,1759203613120801145
1.0,0.0,-0.4456447660923004,1759203613130805541
1.0,0.0,-0.4456447660923004,1759203613140745669
1.0,0.0,-0.44563090801239014,1759203613150774229
1.0,0.0,-0.44563090801239014,1759203613160801865
1.0,0.0,-0.44563090801239014,1759203613170751690
1.0,0.0,-0.44563090801239014,1759203613180759013
1.0,0.0,-0.4456165134906769,1759203613190747767
1.0,0.0,-0.4456165134906769,1759203613200780396
1.0,0.0,-0.4456165134906769,1759203613210770888
1.0,0.0,-0.4456165134906769,1759203613220765996
1.0,0.0,-0.4456165134906769,1759203613230800069
1.0,0.0,-0.4456165134906769,1759203613240756775
1.0,0.0,-0.4456018805503845,1759203613250785589
1.0,0.0,-0.4456018805503845,1759203613260746431
1.0,0.0,-0.4456018805503845,1759203613270782887
1.0,0.0,-0.4456018805503845,1759203613280798812
1.0,0.0,-0.44558730721473694,1759203613290756211
1.0,0.0,-0.44558730721473694,1759203613300804395
1.0,0.0,-0.44558730721473694,1759203613310774132
1.0,0.0,-0.44558730721473694,1759203613320762870
1.0,0.0,-0.44558730721473694,1759203613330765786
1.0,0.0,-0.44558730721473694,1759203613340774315
1.0,0.0,-0.44557246565818787,1759203613350771422
1.0,0.0,-0.44557246565818787,1759203613360907199
1.0,0.0,-0.44557246565818787,1759203613370791036
1.0,0.0,-0.44557246565818787,1759203613380767642
1.0,0.0,-0.4455724060535431,1759203613390801352
1.0,0.0,-0.4455724060535431,1759203613400787956
1.0,0.0,-0.4455724060535431,1759203613410923334
1.0,0.0,-0.4455724060535431,1759203613420765275
1.0,0.0,-0.4455724060535431,1759203613430810417
1.0,0.0,-0.4455724060535431,1759203613440794508
1.0,0.0,-0.44557198882102966,1759203613450757681
1.0,0.0,-0.44557198882102966,1759203613460814770
1.0,0.0,-0.44557198882102966,1759203613470789099
1.0,0.0,-0.44557198882102966,1759203613480759495
1.0,0.0,-0.44557127356529236,1759203613490752211
1.0,0.0,-0.44557127356529236,1759203613500753237
1.0,0.0,-0.44557127356529236,1759203613510735631
1.0,0.0,-0.44557127356529236,1759203613520746324
1.0,0.0,-0.44557127356529236,1759203613530802488
1.0,0.0,-0.44557127356529236,1759203613540778565
1.0,0.0,-0.44556936621665955,1759203613550751231
1.0,0.0,-0.44556936621665955,1759203613560753339
1.0,0.0,-0.44556936621665955,1759203613570806077
1.0,0.0,-0.44556936621665955,1759203613580760405
1.0,0.0,-0.445566862821579,1759203613590763139
1.0,0.0,-0.445566862821579,1759203613600752238
1.0,0.0,-0.445566862821579,1759203613610810748
1.0,0.0,-0.445566862821579,1759203613620794243
1.0,0.0,-0.445566862821579,1759203613630767778
1.0,0.0,-0.445566862821579,1759203613640764684
1.0,0.0,-0.4455600380897522,1759203613650781722
1.0,0.0,-0.4455600380897522,1759203613660772675
1.0,0.0,-0.4455600380897522,1759203613670781137
1.0,0.0,-0.4455600380897522,1759203613680769077
1.0,0.0,-0.4455525577068329,1759203613690769293
1.0,0.0,-0.4455525577068329,1759203613700803157
1.0,0.0,-0.4455525577068329,1759203613710768121
1.0,0.0,-0.4455525577068329,1759203613720792793
1.0,0.0,-0.4455525577068329,1759203613730792507
1.0,0.0,-0.4455525577068329,1759203613740817476
1.0,0.0,-0.4455423355102539,1759203613750841457
1.0,0.0,-0.4455423355102539,1759203613760819772
1.0,0.0,-0.4455423355102539,1759203613770755616
1.0,0.0,-0.4455423355102539,1759203613780783859
1.0,0.0,-0.4455312490463257,1759203613790773661
1.0,0.0,-0.4455312490463257,1759203613800801192
1.0,0.0,-0.4455312490463257,1759203613810832076
1.0,0.0,-0.4455312490463257,1759203613820780832
1.0,0.0,-0.4455312490463257,1759203613830763456
1.0,0.0,-0.4455312490463257,1759203613840789349
1.0,0.0,-0.4455162286758423,1759203613850781647
1.0,0.0,-0.4455162286758423,1759203613860804711
1.0,0.0,-0.4455162584781647,1759203613870794126
1.0,0.0,-0.4455162584781647,1759203613880836733
1.0,0.0,-0.44550079107284546,1759203613890806148
1.0,0.0,-0.44550079107284546,1759203613900779207
1.0,0.0,-0.44550079107284546,1759203613910783289
1.0,0.0,-0.44550079107284546,1759203613920779964
1.0,0.0,-0.44550079107284546,1759203613930755764
1.0,0.0,-0.44550079107284546,1759203613940785914
1.0,0.0,-0.4454832673072815,1759203613950752175
1.0,0.0,-0.4454832673072815,1759203613960750790
1.0,0.0,-0.4454832673072815,1759203613970861686
1.0,0.0,-0.4454832673072815,1759203613980871310
1.0,0.0,-0.4454652667045593,1759203613991146721
1.0,0.0,-0.4454652667045593,1759203614000787584
1.0,0.0,-0.4454652667045593,1759203614010749423
1.0,0.0,-0.4454652667045593,1759203614020772819
1.0,0.0,-0.4454652667045593,1759203614030780843
1.0,0.0,-0.4454652667045593,1759203614040811041
1.0,0.0,-0.44544517993927,1759203614050773109
1.0,0.0,-0.44544517993927,1759203614060746688
1.0,0.0,-0.44544517993927,1759203614070787323
1.0,0.0,-0.44544517993927,1759203614080762335
1.0,0.0,-0.4454244375228882,1759203614090764334
1.0,0.0,-0.4454244375228882,1759203614100797179
1.0,0.0,-0.4454244375228882,1759203614110789622
1.0,0.0,-0.4454244375228882,1759203614120793317
1.0,0.0,-0.4454244375228882,1759203614130785596
1.0,0.0,-0.4454244375228882,1759203614140754242
1.0,0.0,-0.44538676738739014,1759203614150749632
1.0,0.0,-0.44538676738739014,1759203614160759932
1.0,0.0,-0.44538676738739014,1759203614170773186
1.0,0.0,-0.44538676738739014,1759203614180777883
1.0,0.0,-0.44536226987838745,1759203614190768364
1.0,0.0,-0.44536226987838745,1759203614200794088
1.0,0.0,-0.44536226987838745,1759203614210756733
1.0,0.0,-0.44536226987838745,1759203614220801225
1.0,0.0,-0.44536226987838745,1759203614230758029
1.0,0.0,-0.44536226987838745,1759203614240795054
1.0,0.0,-0.44533565640449524,1759203614250762385
1.0,0.0,-0.44533565640449524,1759203614260769255
1.0,0.0,-0.44533565640449524,1759203614270755408
1.0,0.0,-0.44533565640449524,1759203614280768515
1.0,0.0,-0.4453084468841553,1759203614290803573
1.0,0.0,-0.4453084468841553,1759203614300759013
1.0,0.0,-0.4453084468841553,1759203614310746228
1.0,0.0,-0.4453084468841553,1759203614320789297
1.0,0.0,-0.4453084468841553,1759203614330791791
1.0,0.0,-0.4453084468841553,1759203614340815136
1.0,0.0,-0.4452781677246094,1759203614350788034
1.0,0.0,-0.4452781677246094,1759203614360778490
1.0,0.0,-0.4452781677246094,1759203614370791079
1.0,0.0,-0.4452781677246094,1759203614380844127
1.0,0.0,-0.4452534019947052,1759203614390748654
1.0,0.0,-0.4452534019947052,1759203614400862966
1.0,0.0,-0.4452534019947052,1759203614410795521
1.0,0.0,-0.4452534019947052,1759203614420864488
1.0,0.0,-0.4452534019947052,1759203614430826244
1.0,0.0,-0.4452534019947052,1759203614440805380
1.0,0.0,-0.4452286660671234,1759203614450771476
1.0,0.0,-0.4452286660671234,1759203614460809272
1.0,0.0,-0.4452286660671234,1759203614470863103
1.0,0.0,-0.4452286660671234,1759203614480779581
1.0,0.0,-0.44520431756973267,1759203614490765902
1.0,0.0,-0.44520431756973267,1759203614500823080
1.0,0.0,-0.44520431756973267,1759203614510782684
1.0,0.0,-0.44520431756973267,1759203614520812488
1.0,0.0,-0.44520431756973267,1759203614530771564
1.0,0.0,-0.44520431756973267,1759203614540786887
1.0,0.0,-0.44518107175827026,1759203614550831489
1.0,0.0,-0.44518107175827026,1759203614560748517
1.0,0.0,-0.44518107175827026,1759203614570759377
1.0,0.0,-0.44518107175827026,1759203614580751294
1.0,0.0,-0.4451463222503662,1759203614590769492
1.0,0.0,-0.4451463222503662,1759203614600798874
1.0,0.0,-0.4451463222503662,1759203614610759306
1.0,0.0,-0.4451463222503662,1759203614620804559
1.0,0.0,-0.4451463222503662,1759203614630796551
1.0,0.0,-0.4451463222503662,1759203614640933578
1.0,0.0,-0.4451129138469696,1759203614650748713
1.0,0.0,-0.4451129138469696,1759203614660766369
1.0,0.0,-0.4451129138469696,1759203614670826963
1.0,0.0,-0.4451129138469696,1759203614680747923
1.0,0.0,-0.4450931251049042,1759203614690746892
1.0,0.0,-0.4450931251049042,1759203614700803784
1.0,0.0,-0.4450931251049042,1759203614710765888
1.0,0.0,-0.4450931251049042,1759203614720805179
1.0,0.0,-0.4450931251049042,1759203614730770577
1.0,0.0,-0.4450931251049042,1759203614740759915
1.0,0.0,-0.44507184624671936,1759203614750787147
1.0,0.0,-0.44507184624671936,1759203614760780718
1.0,0.0,-0.44507184624671936,1759203614770797546
1.0,0.0,-0.44507184624671936,1759203614780780386
1.0,0.0,-0.44503867626190186,1759203614790800012
1.0,0.0,-0.44503867626190186,1759203614800756948
1.0,0.0,-0.44503867626190186,1759203614810765424
1.0,0.0,-0.44503867626190186,1759203614820797587
1.0,0.0,-0.44503867626190186,1759203614830779795
1.0,0.0,-0.44503867626190186,1759203614840747754
1.0,0.0,-0.4450026750564575,1759203614850784365
1.0,0.0,-0.4450026750564575,1759203614860801841
1.0,0.0,-0.4450026750564575,1759203614870828717
1.0,0.0,-0.4450026750564575,1759203614880763187
1.0,0.0,-0.44496676325798035,1759203614890748153
1.0,0.0,-0.44496676325798035,1759203614900786818
1.0,0.0,-0.44496676325798035,1759203614910780470
1.0,0.0,-0.44496676325798035,1759203614920745843
1.0,0.0,-0.44496676325798035,1759203614930755416
1.0,0.0,-0.44496676325798035,1759203614940764888
1.0,0.0,-0.4449285864830017,1759203614950739573
1.0,0.0,-0.4449285864830017,1759203614960791663
1.0,0.0,-0.4449285864830017,1759203614970761162
1.0,0.0,-0.4449285864830017,1759203614980754816
1.0,0.0,-0.44489026069641113,1759203614990820179
1.0,0.0,-0.44489026069641113,1759203615000796465
1.0,0.0,-0.44489026069641113,1759203615010754264
1.0,0.0,-0.44489026069641113,1759203615020823286
1.0,0.0,-0.44489026069641113,1759203615030768344
1.0,0.0,-0.44489026069641113,1759203615040884244
1.0,0.0,-0.4448600709438324,1759203615050803227
1.0,0.0,-0.4448600709438324,1759203615060826531
1.0,0.0,-0.4448600709438324,1759203615070876518
1.0,0.0,-0.4448600709438324,1759203615080805411
1.0,0.0,-0.4448297619819641,1759203615090752875
1.0,0.0,-0.4448297619819641,1759203615100774603
1.0,0.0,-0.4448297619819641,1759203615110787229
1.0,0.0,-0.4448297619819641,1759203615120770705
1.0,0.0,-0.4448297619819641,1759203615130826704
1.0,0.0,-0.4448297619819641,1759203615140763664
1.0,0.0,-0.4447767734527588,1759203615150793352
1.0,0.0,-0.4447767734527588,1759203615160745856
1.0,0.0,-0.4447767734527588,1759203615170755773
1.0,0.0,-0.4447767734527588,1759203615181076387
1.0,0.0,-0.44476792216300964,1759203615190768849
1.0,0.0,-0.44476792216300964,1759203615200877801
1.0,0.0,-0.44476792216300964,1759203615210767604
1.0,0.0,-0.44476792216300964,1759203615220776300
1.0,0.0,-0.44476792216300964,1759203615230760233
1.0,0.0,-0.44476792216300964,1759203615240804593
1.0,0.0,-0.444761723279953,1759203615250808888
1.0,0.0,-0.444761723279953,1759203615260821220
1.0,0.0,-0.444761723279953,1759203615270766612
1.0,0.0,-0.444761723279953,1759203615280790959
1.0,0.0,-0.4447559416294098,1759203615290762902
1.0,0.0,-0.4447559416294098,1759203615300741779
1.0,0.0,-0.4447559416294098,1759203615310739563
1.0,0.0,-0.4447559416294098,1759203615320750822
1.0,0.0,-0.4447559416294098,1759203615330790878
1.0,0.0,-0.4447559416294098,1759203615340789786
1.0,0.0,-0.4447515904903412,1759203615350758325
1.0,0.0,-0.4447515904903412,1759203615360791798
1.0,0.0,-0.4447515904903412,1759203615370773595
1.0,0.0,-0.4447515904903412,1759203615380748344
1.0,0.0,-0.4447477459907532,1759203615390774006
1.0,0.0,-0.4447477459907532,1759203615400783558
1.0,0.0,-0.4447477459907532,1759203615410762900
1.0,0.0,-0.4447477459907532,1759203615420770853
1.0,0.0,-0.4447477459907532,1759203615430781592
1.0,0.0,-0.4447477459907532,1759203615440777749
1.0,0.0,-0.44474589824676514,1759203615450800984
1.0,0.0,-0.44474589824676514,1759203615460761278
1.0,0.0,-0.44474589824676514,1759203615470828804
1.0,0.0,-0.44474589824676514,1759203615480755424
1.0,0.0,-0.44474440813064575,1759203615490773144
1.0,0.0,-0.44474440813064575,1759203615500748626
1.0,0.0,-0.44474440813064575,1759203615510786188
1.0,0.0,-0.44474440813064575,1759203615520769328
1.0,0.0,-0.44474440813064575,1759203615530760746
1.0,0.0,-0.44474440813064575,1759203615540821859
1.0,0.0,-0.444745272397995,1759203615550778589
1.0,0.0,-0.444745272397995,1759203615560802682
1.0,0.0,-0.444745272397995,1759203615570759659
1.0,0.0,-0.444745272397995,1759203615580795216
1.0,0.0,-0.4447200298309326,1759203615590776826
1.0,0.0,-0.4447200298309326,1759203615600755243
1.0,0.0,-0.4447200298309326,1759203615610774976
1.0,0.0,-0.4447200298309326,1759203615620742767
1.0,0.0,-0.4447200298309326,1759203615630777067
1.0,0.0,-0.4447200298309326,1759203615640802734
1.0,0.0,-0.4446942210197449,1759203615650746029
1.0,0.0,-0.4446942210197449,1759203615660837620
1.0,0.0,-0.4446942210197449,1759203615670767008
1.0,0.0,-0.4446942210197449,1759203615680815836
1.0,0.0,-0.4446685314178467,1759203615690771921
1.0,0.0,-0.4446685314178467,1759203615700755306
1.0,0.0,-0.4446685314178467,1759203615710777384
1.0,0.0,-0.4446685314178467,1759203615720796019
1.0,0.0,-0.4446685314178467,1759203615730738378
1.0,0.0,-0.4446685314178467,1759203615740757808
1.0,0.0,-0.4446429908275604,1759203615750749081
1.0,0.0,-0.4446429908275604,1759203615760762930
1.0,0.0,-0.4446429908275604,1759203615770752905
1.0,0.0,-0.4446429908275604,1759203615780848021
1.0,0.0,-0.4446175992488861,1759203615790758004
1.0,0.0,-0.4446175992488861,1759203615800823251
1.0,0.0,-0.4446175992488861,1759203615810815696
1.0,0.0,-0.4446175992488861,1759203615820789916
1.0,0.0,-0.4446175992488861,1759203615830753219
1.0,0.0,-0.4446175992488861,1759203615840752915
1.0,0.0,-0.44458070397377014,1759203615850809127
1.0,0.0,-0.44458070397377014,1759203615860811856
1.0,0.0,-0.44458070397377014,1759203615870803972
1.0,0.0,-0.44458070397377014,1759203615880760576
1.0,0.0,-0.4445442259311676,1759203615890748239
1.0,0.0,-0.4445442259311676,1759203615900840714
1.0,0.0,-0.4445442259311676,1759203615910743115
1.0,0.0,-0.4445442259311676,1759203615920784072
1.0,0.0,-0.4445442259311676,1759203615930752701
1.0,0.0,-0.4445442259311676,1759203615940815332
1.0,0.0,-0.4445064663887024,1759203615950779592
1.0,0.0,-0.4445064663887024,1759203615961002608
1.0,0.0,-0.4445064663887024,1759203615970787018
1.0,0.0,-0.4445064663887024,1759203615980769041
1.0,0.0,-0.4444689154624939,1759203615990838334
1.0,0.0,-0.4444689154624939,1759203616000776591
1.0,0.0,-0.4444689154624939,1759203616010757384
1.0,0.0,-0.4444689154624939,1759203616020790634
1.0,0.0,-0.4444689154624939,1759203616030870061
1.0,0.0,-0.4444689154624939,1759203616040776877
1.0,0.0,-0.44443079829216003,1759203616050752621
1.0,0.0,-0.44443079829216003,1759203616060782466
1.0,0.0,-0.44443079829216003,1759203616070834014
1.0,0.0,-0.44443079829216003,1759203616080767284
1.0,0.0,-0.4443928301334381,1759203616090791562
1.0,0.0,-0.4443928301334381,1759203616100779299
1.0,0.0,-0.4443928301334381,1759203616110749948
1.0,0.0,-0.4443928301334381,1759203616120768977
1.0,0.0,-0.4443928301334381,1759203616130796063
1.0,0.0,-0.4443928301334381,1759203616140742995
1.0,0.0,-0.44435393810272217,1759203616150756339
1.0,0.0,-0.44435393810272217,1759203616160755303
1.0,0.0,-0.44435393810272217,1759203616170836176
1.0,0.0,-0.44435393810272217,1759203616180772454
1.0,0.0,-0.4443150758743286,1759203616190806922
1.0,0.0,-0.4443150758743286,1759203616200914767
1.0,0.0,-0.4443150758743286,1759203616210837395
1.0,0.0,-0.4443150758743286,1759203616220773161
1.0,0.0,-0.4443150758743286,1759203616230779477
1.0,0.0,-0.4443150758743286,1759203616240752175
1.0,0.0,-0.44427481293678284,1759203616250774268
1.0,0.0,-0.44427481293678284,1759203616260820292
1.0,0.0,-0.44427481293678284,1759203616270758871
1.0,0.0,-0.44427481293678284,1759203616280780365
1.0,0.0,-0.4442347586154938,1759203616290738610
1.0,0.0,-0.4442347586154938,1759203616300759301
1.0,0.0,-0.4442347586154938,1759203616310742429
1.0,0.0,-0.4442347586154938,1759203616320767336
1.0,0.0,-0.4442347586154938,1759203616330782153
1.0,0.0,-0.4442347586154938,1759203616340771741
1.0,0.0,-0.4441940486431122,1759203616350827744
1.0,0.0,-0.4441940486431122,1759203616360795935
1.0,0.0,-0.4441940486431122,1759203616370820333
1.0,0.0,-0.4441940486431122,1759203616380799525
1.0,0.0,-0.4441967308521271,1759203616390761164
1.0,0.0,-0.4441967308521271,1759203616400748521
1.0,0.0,-0.4441967308521271,1759203616410785494
1.0,0.0,-0.4441967308521271,1759203616420842824
1.0,0.0,-0.4441967308521271,1759203616431113843
1.0,0.0,-0.4441967308521271,1759203616440850803
1.0,0.0,-0.4442022442817688,1759203616450874335
1.0,0.0,-0.4442022442817688,1759203616460772322
1.0,0.0,-0.4442022442817688,1759203616470756605
1.0,0.0,-0.4442022442817688,1759203616480832445
1.0,0.0,-0.44420841336250305,1759203616490749702
1.0,0.0,-0.44420841336250305,1759203616500761267
1.0,0.0,-0.44420841336250305,1759203616510742843
1.0,0.0,-0.44420841336250305,1759203616520777511
1.0,0.0,-0.44420841336250305,1759203616530809289
1.0,0.0,-0.44420841336250305,1759203616540778157
1.0,0.0,-0.44421717524528503,1759203616550764110
1.0,0.0,-0.44421717524528503,1759203616560787712
1.0,0.0,-0.44421717524528503,1759203616570845532
1.0,0.0,-0.44421717524528503,1759203616580797845
1.0,0.0,-0.4441617429256439,1759203616590770803
1.0,0.0,-0.4441617429256439,1759203616600848914
1.0,0.0,-0.4441617429256439,1759203616610769004
1.0,0.0,-0.4441617429256439,1759203616620754176
1.0,0.0,-0.4441617429256439,1759203616630752095
1.0,0.0,-0.4441617429256439,1759203616640848827
1.0,0.0,-0.44410449266433716,1759203616650755879
1.0,0.0,-0.44410449266433716,1759203616660734261
1.0,0.0,-0.44410449266433716,1759203616670743496
1.0,0.0,-0.44410449266433716,1759203616680769995
1.0,0.0,-0.44404757022857666,1759203616690795418
1.0,0.0,-0.44404757022857666,1759203616700748323
1.0,0.0,-0.44404757022857666,1759203616710761577
1.0,0.0,-0.44404757022857666,1759203616720787838
1.0,0.0,-0.44404757022857666,1759203616730864377
1.0,0.0,-0.44404757022857666,1759203616740790730
1.0,0.0,-0.44398969411849976,1759203616750750333
1.0,0.0,-0.44398969411849976,1759203616760772517
1.0,0.0,-0.44398969411849976,1759203616770759167
1.0,0.0,-0.44398969411849976,1759203616780778674
1.0,0.0,-0.44393208622932434,1759203616790840275
1.0,0.0,-0.44393208622932434,1759203616800756639
1.0,0.0,-0.44393208622932434,1759203616810793733
1.0,0.0,-0.44393208622932434,1759203616820752321
1.0,0.0,-0.44393208622932434,1759203616830833516
1.0,0.0,-0.44393208622932434,1759203616840779288
1.0,0.0,-0.4438733160495758,1759203616850773553
1.0,0.0,-0.4438733160495758,1759203616860778108
1.0,0.0,-0.4438733160495758,1759203616870738076
1.0,0.0,-0.4438733160495758,1759203616880752625
1.0,0.0,-0.44373640418052673,1759203616890749248
1.0,0.0,-0.44373640418052673,1759203616900756119
1.0,0.0,-0.44373640418052673,1759203616910766136
1.0,0.0,-0.44373640418052673,1759203616920822131
1.0,0.0,-0.44373640418052673,1759203616930866309
1.0,0.0,-0.44373640418052673,1759203616940778459
1.0,0.0,-0.44359222054481506,1759203616950759780
1.0,0.0,-0.44359222054481506,1759203616960812989
1.0,0.0,-0.44359222054481506,1759203616970822486
1.0,0.0,-0.44359222054481506,1759203616980791976
1.0,0.0,-0.4434482157230377,1759203616990788383
1.0,0.0,-0.4434482157230377,1759203617000763983
1.0,0.0,-0.4434482157230377,1759203617010739736
1.0,0.0,-0.4434482157230377,1759203617020805723
1.0,0.0,-0.4434482157230377,1759203617030757266
1.0,0.0,-0.4434482157230377,1759203617040744968
1.0,0.0,-0.4432999789714813,1759203617050767130
1.0,0.0,-0.4432999789714813,1759203617060764093
1.0,0.0,-0.4432999789714813,1759203617070766683
1.0,0.0,-0.4432999789714813,1759203617080798520
1.0,0.0,-0.44315147399902344,1759203617090778966
1.0,0.0,-0.44315147399902344,1759203617100746013
1.0,0.0,-0.44315147399902344,1759203617110781781
1.0,0.0,-0.44315147399902344,1759203617120780439
1.0,0.0,-0.44315147399902344,1759203617130805010
1.0,0.0,-0.44315147399902344,1759203617140852557
1.0,0.0,-0.44299638271331787,1759203617150794972
1.0,0.0,-0.44299638271331787,1759203617160746381
1.0,0.0,-0.44299638271331787,1759203617170742948
1.0,0.0,-0.44299638271331787,1759203617180800826
1.0,0.0,-0.4429253935813904,1759203617190751876
1.0,0.0,-0.4429253935813904,1759203617200840190
1.0,0.0,-0.4429253935813904,1759203617210802292
1.0,0.0,-0.4429253935813904,1759203617220823536
1.0,0.0,-0.4429253935813904,1759203617230790056
1.0,0.0,-0.4429253935813904,1759203617240755721
1.0,0.0,-0.4428533613681793,1759203617251065317
1.0,0.0,-0.4428533613681793,1759203617260868618
1.0,0.0,-0.4428533613681793,1759203617270754584
1.0,0.0,-0.4428533613681793,1759203617280755097
1.0,0.0,-0.442781537771225,1759203617290779288
1.0,0.0,-0.442781537771225,1759203617300788128
1.0,0.0,-0.442781537771225,1759203617310752449
1.0,0.0,-0.442781537771225,1759203617320763722
1.0,0.0,-0.442781537771225,1759203617330755779
1.0,0.0,-0.442781537771225,1759203617340810847
1.0,0.0,-0.44270697236061096,1759203617350772579
1.0,0.0,-0.44270697236061096,1759203617360794727
1.0,0.0,-0.44270697236061096,1759203617370879601
1.0,0.0,-0.44270697236061096,1759203617380780073
1.0,0.0,-0.44253474473953247,1759203617390773549
1.0,0.0,-0.44253474473953247,1759203617400757693
1.0,0.0,-0.44253474473953247,1759203617410749298
1.0,0.0,-0.44253474473953247,1759203617420786318
1.0,0.0,-0.44253474473953247,1759203617430791193
1.0,0.0,-0.44253474473953247,1759203617440757656
1.0,0.0,-0.44235825538635254,1759203617450754457
1.0,0.0,-0.44235825538635254,1759203617460777726
1.0,0.0,-0.44235825538635254,1759203617470766476
1.0,0.0,-0.44235825538635254,1759203617480810049
1.0,0.0,-0.44218218326568604,1759203617490784202
1.0,0.0,-0.44218218326568604,1759203617500776482
1.0,0.0,-0.44218218326568604,1759203617510806514
1.0,0.0,-0.44218218326568604,1759203617520749916
1.0,0.0,-0.44218218326568604,1759203617530766765
1.0,0.0,-0.44218218326568604,1759203617540823757
1.0,0.0,-0.4420032203197479,1759203617550774225
1.0,0.0,-0.4420032203197479,1759203617560753242
1.0,0.0,-0.4420032203197479,1759203617570764835
1.0,0.0,-0.4420032203197479,1759203617580816710
1.0,0.0,-0.44182440638542175,1759203617590766526
1.0,0.0,-0.44182440638542175,1759203617600757654
1.0,0.0,-0.44182440638542175,1759203617610799159
1.0,0.0,-0.44182440638542175,1759203617620841926
1.0,0.0,-0.44182440638542175,1759203617630800950
1.0,0.0,-0.44182440638542175,1759203617640781836
1.0,0.0,-0.44164082407951355,1759203617650791689
1.0,0.0,-0.44164082407951355,1759203617660781962
1.0,0.0,-0.44164082407951355,1759203617670816215
1.0,0.0,-0.44164082407951355,1759203617680775530
1.0,0.0,-0.4414578974246979,1759203617690791670
1.0,0.0,-0.4414578974246979,1759203617700790351
1.0,0.0,-0.4414578974246979,1759203617710812826
1.0,0.0,-0.4414578974246979,1759203617720789561
1.0,0.0,-0.4414578974246979,1759203617730768768
1.0,0.0,-0.4414578974246979,1759203617740796343
1.0,0.0,-0.441394180059433,1759203617750776041
1.0,0.0,-0.441394180059433,1759203617760793843
1.0,0.0,-0.441394180059433,1759203617770753159
1.0,0.0,-0.441394180059433,1759203617780752820
1.0,0.0,-0.4412086009979248,1759203617790759893
1.0,0.0,-0.4412086009979248,1759203617800752680
1.0,0.0,-0.4412086009979248,1759203617810819629
1.0,0.0,-0.4412086009979248,1759203617820781232
1.0,0.0,-0.4412086009979248,1759203617830774560
1.0,0.0,-0.4412086009979248,1759203617840790653
1.0,0.0,-0.4410187900066376,1759203617850772754
1.0,0.0,-0.4410187900066376,1759203617860766293
1.0,0.0,-0.4410187602043152,1759203617870815019
1.0,0.0,-0.4410187602043152,1759203617880789576
1.0,0.0,-0.44082966446876526,1759203617890788925
1.0,0.0,-0.44082966446876526,1759203617900860575
1.0,0.0,-0.44082963466644287,1759203617910783807
1.0,0.0,-0.44082963466644287,1759203617920763423
1.0,0.0,-0.44082963466644287,1759203617930768749
1.0,0.0,-0.44082963466644287,1759203617940790856
1.0,0.0,-0.44063860177993774,1759203617950750277
1.0,0.0,-0.44063860177993774,1759203617960760292
1.0,0.0,-0.44063860177993774,1759203617970801009
1.0,0.0,-0.44063860177993774,1759203617980784465
1.0,0.0,-0.4405761659145355,1759203617990813580
1.0,0.0,-0.4405761659145355,1759203618001108618
1.0,0.0,-0.4405761659145355,1759203618010749407
1.0,0.0,-0.4405761659145355,1759203618020789043
1.0,0.0,-0.44057613611221313,1759203618030813056
1.0,0.0,-0.44057613611221313,1759203618040748178
1.0,0.0,-0.44051316380500793,1759203618050807050
1.0,0.0,-0.44051316380500793,1759203618060778220
1.0,0.0,-0.44051316380500793,1759203618070770841
1.0,0.0,-0.44051316380500793,1759203618080760051
1.0,0.0,-0.4404505789279938,1759203618090808593
1.0,0.0,-0.4404505789279938,1759203618100758619
1.0,0.0,-0.4404505789279938,1759203618110757012
1.0,0.0,-0.4404505789279938,1759203618120759781
1.0,0.0,-0.4403877854347229,1759203618131071348
1.0,0.0,-0.4403877854347229,1759203618140747259
1.0,0.0,-0.4403877854347229,1759203618150743320
1.0,0.0,-0.4403877854347229,1759203618160794901
1.0,0.0,-0.4403877854347229,1759203618170798283
1.0,0.0,-0.4403877854347229,1759203618180748561
1.0,0.0,-0.44047099351882935,1759203618190734681
1.0,0.0,-0.44047099351882935,1759203618200807283
1.0,0.0,-0.44047099351882935,1759203618210775883
1.0,0.0,-0.44047099351882935,1759203618220781832
1.0,0.0,-0.44047099351882935,1759203618230820684
1.0,0.0,-0.44047099351882935,1759203618240842570
1.0,0.0,-0.44055452942848206,1759203618250821631
1.0,0.0,-0.44055452942848206,1759203618260794281
1.0,0.0,-0.44055452942848206,1759203618270798150
1.0,0.0,-0.44055452942848206,1759203618280811456
1.0,0.0,-0.4406374990940094,1759203618290802655
1.0,0.0,-0.4406374990940094,1759203618300787617
1.0,0.0,-0.4406374990940094,1759203618310777866
1.0,0.0,-0.4406374990940094,1759203618320767098
1.0,0.0,-0.4406374990940094,1759203618330756451
1.0,0.0,-0.4406374990940094,1759203618340760132
1.0,0.0,-0.4407197833061218,1759203618350829556
1.0,0.0,-0.4407197833061218,1759203618360836406
1.0,0.0,-0.4407197833061218,1759203618370770519
1.0,0.0,-0.4407197833061218,1759203618380829024
1.0,0.0,-0.4406653940677643,1759203618390751272
1.0,0.0,-0.4406653940677643,1759203618400770292
1.0,0.0,-0.4406653940677643,1759203618410735561
1.0,0.0,-0.4406653940677643,1759203618420840375
1.0,0.0,-0.4406653940677643,1759203618430791146
1.0,0.0,-0.4406653940677643,1759203618440781355
1.0,0.0,-0.4406113922595978,1759203618450789426
1.0,0.0,-0.4406113922595978,1759203618460773689
1.0,0.0,-0.4406113922595978,1759203618470752009
1.0,0.0,-0.4406113922595978,1759203618480847889
1.0,0.0,-0.4405577778816223,1759203618490743430
1.0,0.0,-0.4405577778816223,1759203618500749818
1.0,0.0,-0.4405577778816223,1759203618510903624
1.0,0.0,-0.4405577778816223,1759203618520777363
1.0,0.0,-0.4405577778816223,1759203618530794620
1.0,0.0,-0.4405577778816223,1759203618540776701
1.0,0.0,-0.4405045211315155,1759203618550776703
1.0,0.0,-0.4405045211315155,1759203618560777958
1.0,0.0,-0.4405045211315155,1759203618570775439
1.0,0.0,-0.4405045211315155,1759203618580822565
1.0,0.0,-0.44045162200927734,1759203618590791368
1.0,0.0,-0.44045162200927734,1759203618600760344
1.0,0.0,-0.44045162200927734,1759203618610849807
1.0,0.0,-0.44045162200927734,1759203618620946564
1.0,0.0,-0.44045162200927734,1759203618630787217
1.0,0.0,-0.44045162200927734,1759203618640786621
1.0,0.0,-0.4405326247215271,1759203618650784438
1.0,0.0,-0.4405326247215271,1759203618660809873
1.0,0.0,-0.4405326247215271,1759203618670773797
1.0,0.0,-0.4405326247215271,1759203618680818331
1.0,0.0,-0.4406130611896515,1759203618690788599
1.0,0.0,-0.4406130611896515,1759203618700771502
1.0,0.0,-0.4406130611896515,1759203618710751231
1.0,0.0,-0.4406130611896515,1759203618720890999
1.0,0.0,-0.4406130611896515,1759203618730764756
1.0,0.0,-0.4406130611896515,1759203618740809720
1.0,0.0,-0.44069284200668335,1759203618750807264
1.0,0.0,-0.44069284200668335,1759203618760824092
1.0,0.0,-0.44069284200668335,1759203618770767427
1.0,0.0,-0.44069284200668335,1759203618780789497
1.0,0.0,-0.44077205657958984,1759203618790748777
1.0,0.0,-0.44077205657958984,1759203618800801859
1.0,0.0,-0.44077205657958984,1759203618810790220
1.0,0.0,-0.44077205657958984,1759203618820784652
1.0,0.0,-0.44077205657958984,1759203618830773635
1.0,0.0,-0.44077205657958984,1759203618840790725
1.0,0.0,-0.44085070490837097,1759203618850823216
1.0,0.0,-0.44085070490837097,1759203618860752416
1.0,0.0,-0.44085070490837097,1759203618870866802
1.0,0.0,-0.44085070490837097,1759203618880815302
1.0,0.0,-0.4409288167953491,1759203618890751053
1.0,0.0,-0.4409288167953491,1759203618900772740
1.0,0.0,-0.4409288167953491,1759203618910783222
1.0,0.0,-0.4409288167953491,1759203618920755089
1.0,0.0,-0.4409288167953491,1759203618930812432
1.0,0.0,-0.4409288167953491,1759203618940766301
1.0,0.0,-0.4410063326358795,1759203618950771490
1.0,0.0,-0.4410063326358795,1759203618960775909
1.0,0.0,-0.4410063326358795,1759203618970795089
1.0,0.0,-0.4410063326358795,1759203618980778445
1.0,0.0,-0.44108328223228455,1759203618990753810
1.0,0.0,-0.44108328223228455,1759203619000780317
1.0,0.0,-0.44108328223228455,1759203619010843517
1.0,0.0,-0.44108328223228455,1759203619020885091
1.0,0.0,-0.44108328223228455,1759203619030748078
1.0,0.0,-0.44108328223228455,1759203619040759729
1.0,0.0,-0.4411596357822418,1759203619050771215
1.0,0.0,-0.4411596357822418,1759203619060808655
1.0,0.0,-0.4411596357822418,1759203619070777265
1.0,0.0,-0.4411596357822418,1759203619080768281
1.0,0.0,-0.44123542308807373,1759203619090796863
1.0,0.0,-0.44123542308807373,1759203619100793935
1.0,0.0,-0.44123542308807373,1759203619110770392
1.0,0.0,-0.44123542308807373,1759203619120749766
1.0,0.0,-0.44123542308807373,1759203619130750220
1.0,0.0,-0.44123542308807373,1759203619140863779
1.0,0.0,-0.44131067395210266,1759203619151119508
1.0,0.0,-0.44131067395210266,1759203619160770023
1.0,0.0,-0.44131067395210266,1759203619170803470
1.0,0.0,-0.44131067395210266,1759203619180778307
1.0,0.0,-0.4412574768066406,1759203619190743169
1.0,0.0,-0.4412574768066406,1759203619200752839
1.0,0.0,-0.4412574768066406,1759203619210750207
1.0,0.0,-0.4412574768066406,1759203619220791777
1.0,0.0,-0.4412574768066406,1759203619230788765
1.0,0.0,-0.4412574768066406,1759203619240800740
1.0,0.0,-0.44120463728904724,1759203619250980058
1.0,0.0,-0.44120463728904724,1759203619260791059
1.0,0.0,-0.44120463728904724,1759203619270795210
1.0,0.0,-0.44120463728904724,1759203619280819961
1.0,0.0,-0.4411521255970001,1759203619290760524
1.0,0.0,-0.4411521255970001,1759203619300772637
1.0,0.0,-0.4411521255970001,1759203619310765621
1.0,0.0,-0.4411521255970001,1759203619320757093
1.0,0.0,-0.4411521255970001,1759203619330750805
1.0,0.0,-0.4411521255970001,1759203619340770584
1.0,0.0,-0.44109997153282166,1759203619350741089
1.0,0.0,-0.44109997153282166,1759203619360780657
1.0,0.0,-0.44109997153282166,1759203619370757119
1.0,0.0,-0.44109997153282166,1759203619380752047
1.0,0.0,-0.4411742687225342,1759203619390754437
1.0,0.0,-0.4411742687225342,1759203619400776643
1.0,0.0,-0.4411742687225342,1759203619410800998
1.0,0.0,-0.4411742687225342,1759203619420771259
1.0,0.0,-0.4411742687225342,1759203619430766924
1.0,0.0,-0.4411742687225342,1759203619440783421
1.0,0.0,-0.44124799966812134,1759203619450814427
1.0,0.0,-0.44124799966812134,1759203619460766368
1.0,0.0,-0.44124799966812134,1759203619470759693
1.0,0.0,-0.44124799966812134,1759203619480790120
1.0,0.0,-0.4413212537765503,1759203619490796287
1.0,0.0,-0.4413212537765503,1759203619500756744
1.0,0.0,-0.4413212537765503,1759203619510796989
1.0,0.0,-0.4413212537765503,1759203619520784546
1.0,0.0,-0.4413212537765503,1759203619530749061
1.0,0.0,-0.4413212537765503,1759203619540741412
1.0,0.0,-0.44139400124549866,1759203619550758677
1.0,0.0,-0.44139400124549866,1759203619560810762
1.0,0.0,-0.44139400124549866,1759203619570751521
1.0,0.0,-0.44139400124549866,1759203619580794389
1.0,0.0,-0.44134190678596497,1759203619590771762
1.0,0.0,-0.44134190678596497,1759203619600864121
1.0,0.0,-0.44134190678596497,1759203619610811958
1.0,0.0,-0.44134190678596497,1759203619620801614
1.0,0.0,-0.44134190678596497,1759203619630808118
1.0,0.0,-0.44134190678596497,1759203619640838173
1.0,0.0,-0.4412901699542999,1759203619650756044
1.0,0.0,-0.4412901699542999,1759203619660750668
1.0,0.0,-0.4412901699542999,1759203619670816432
1.0,0.0,-0.4412901699542999,1759203619680747170
1.0,0.0,-0.44123876094818115,1759203619690775203
1.0,0.0,-0.44123876094818115,1759203619700742432
1.0,0.0,-0.44123876094818115,1759203619710812932
1.0,0.0,-0.44123876094818115,1759203619720807385
1.0,0.0,-0.44123876094818115,1759203619730870447
1.0,0.0,-0.44123876094818115,1759203619740790858
1.0,0.0,-0.44118770956993103,1759203619750763642
1.0,0.0,-0.44118770956993103,1759203619760804994
1.0,0.0,-0.44118770956993103,1759203619770804928
1.0,0.0,-0.44118770956993103,1759203619780788295
1.0,0.0,-0.4412595331668854,1759203619790748696
1.0,0.0,-0.4412595331668854,1759203619800762491
1.0,0.0,-0.4412595331668854,1759203619810791858
1.0,0.0,-0.4412595331668854,1759203619820794331
1.0,0.0,-0.4412595331668854,1759203619830794364
1.0,0.0,-0.4412595331668854,1759203619840805206
1.0,0.0,-0.44133085012435913,1759203619850808276
1.0,0.0,-0.44133085012435913,1759203619860779001
1.0,0.0,-0.44133085012435913,1759203619870858301
1.0,0.0,-0.44133085012435913,1759203619880747346
1.0,0.0,-0.44140172004699707,1759203619890766664
1.0,0.0,-0.44140172004699707,1759203619900735163
1.0,0.0,-0.44140172004699707,1759203619910751280
1.0,0.0,-0.44140172004699707,1759203619920768698
1.0,0.0,-0.44140172004699707,1759203619930776076
1.0,0.0,-0.44140172004699707,1759203619940797278
1.0,0.0,-0.44147202372550964,1759203619950796113
1.0,0.0,-0.44147202372550964,1759203619960820917
1.0,0.0,-0.44147202372550964,1759203619970779679
1.0,0.0,-0.44147202372550964,1759203619980859994
1.0,0.0,-0.441541850566864,1759203619990754251
1.0,0.0,-0.441541850566864,1759203620000820509
1.0,0.0,-0.441541850566864,1759203620010782857
1.0,0.0,-0.441541850566864,1759203620020792934
1.0,0.0,-0.441541850566864,1759203620030758588
1.0,0.0,-0.441541850566864,1759203620040756942
1.0,0.0,-0.4416112005710602,1759203620050755638
1.0,0.0,-0.4416112005710602,1759203620060800069
1.0,0.0,-0.4416112005710602,1759203620070762109
1.0,0.0,-0.4416112005710602,1759203620080763494
1.0,0.0,-0.44168010354042053,1759203620090806736
1.0,0.0,-0.44168010354042053,1759203620100778519
1.0,0.0,-0.44168010354042053,1759203620110764751
1.0,0.0,-0.44168010354042053,1759203620120781332
1.0,0.0,-0.44168010354042053,1759203620130782652
1.0,0.0,-0.44168010354042053,1759203620140800171
1.0,0.0,-0.4417484998703003,1759203620150813082
1.0,0.0,-0.4417484998703003,1759203620160757053
1.0,0.0,-0.4417484998703003,1759203620170769851
1.0,0.0,-0.4417484998703003,1759203620180744464
1.0,0.0,-0.44181644916534424,1759203620190755420
1.0,0.0,-0.44181644916534424,1759203620200787219
1.0,0.0,-0.44181644916534424,1759203620210744524
1.0,0.0,-0.44181644916534424,1759203620220801428
1.0,0.0,-0.44181644916534424,1759203620230773599
1.0,0.0,-0.44181644916534424,1759203620240768724
1.0,0.0,-0.44188392162323,1759203620250762277
1.0,0.0,-0.44188392162323,1759203620260777240
1.0,0.0,-0.44188392162323,1759203620270755941
1.0,0.0,-0.44188392162323,1759203620280830017
1.0,0.0,-0.4419509470462799,1759203620290757585
1.0,0.0,-0.4419509470462799,1759203620300781623
1.0,0.0,-0.4419509470462799,1759203620310763429
1.0,0.0,-0.4419509470462799,1759203620320847844
1.0,0.0,-0.4419509470462799,1759203620330858610
1.0,0.0,-0.4419509470462799,1759203620340817531
1.0,0.0,-0.44201749563217163,1759203620350784920
1.0,0.0,-0.44201749563217163,1759203620360757304
1.0,0.0,-0.44201749563217163,1759203620370852313
1.0,0.0,-0.44201749563217163,1759203620380786551
1.0,0.0,-0.44208359718322754,1759203620390763227
1.0,0.0,-0.44208359718322754,1759203620400749014
1.0,0.0,-0.44208359718322754,1759203620410762632
1.0,0.0,-0.44208359718322754,1759203620420756971
1.0,0.0,-0.44208359718322754,1759203620430756933
1.0,0.0,-0.44208359718322754,1759203620440768399
1.0,0.0,-0.44214922189712524,1759203620450777284
1.0,0.0,-0.44214922189712524,1759203620460782563
1.0,0.0,-0.44214922189712524,1759203620470799861
1.0,0.0,-0.44214922189712524,1759203620480804069
1.0,0.0,-0.4422144293785095,1759203620490818731
1.0,0.0,-0.4422144293785095,1759203620500784503
1.0,0.0,-0.4422144293785095,1759203620510810209
1.0,0.0,-0.4422144293785095,1759203620520751967
1.0,0.0,-0.4422144293785095,1759203620531054806
1.0,0.0,-0.4422144293785095,1759203620540798787
1.0,0.0,-0.44226810336112976,1759203620550789957
1.0,0.0,-0.44226810336112976,1759203620560762461
1.0,0.0,-0.44226810336112976,1759203620570785535
1.0,0.0,-0.44226810336112976,1759203620580784329
1.0,0.0,-0.44233259558677673,1759203620590796186
1.0,0.0,-0.44233259558677673,1759203620600774145
1.0,0.0,-0.44233259558677673,1759203620610792421
1.0,0.0,-0.44233259558677673,1759203620620782126
1.0,0.0,-0.44233259558677673,1759203620630806103
1.0,0.0,-0.44233259558677673,1759203620640763621
1.0,0.0,-0.44239768385887146,1759203620650764122
1.0,0.0,-0.44239768385887146,1759203620660790208
1.0,0.0,-0.44239768385887146,1759203620670778101
1.0,0.0,-0.44239768385887146,1759203620680767947
1.0,0.0,-0.44246232509613037,1759203620690778267
1.0,0.0,-0.44246232509613037,1759203620700784563
1.0,0.0,-0.44246232509613037,1759203620710745610
1.0,0.0,-0.44246232509613037,1759203620720794519
1.0,0.0,-0.44246232509613037,1759203620730780620
1.0,0.0,-0.44246232509613037,1759203620740807826
1.0,0.0,-0.44252651929855347,1759203620750780751
1.0,0.0,-0.44252651929855347,1759203620760800421
1.0,0.0,-0.44252651929855347,1759203620770763992
1.0,0.0,-0.44252651929855347,1759203620780817840
1.0,0.0,-0.44260120391845703,1759203620790790669
1.0,0.0,-0.44260120391845703,1759203620800853372
1.0,0.0,-0.44260120391845703,1759203620810753827
1.0,0.0,-0.44260120391845703,1759203620820810684
1.0,0.0,-0.44260120391845703,1759203620830877286
1.0,0.0,-0.44260120391845703,1759203620840832749
1.0,0.0,-0.44267478585243225,1759203620850785399
1.0,0.0,-0.44267478585243225,1759203620860772787
1.0,0.0,-0.44267478585243225,1759203620870866654
1.0,0.0,-0.44267478585243225,1759203620880827699
1.0,0.0,-0.4427475929260254,1759203620890824559
1.0,0.0,-0.4427475929260254,1759203620900766896
1.0,0.0,-0.4427475929260254,1759203620910831921
1.0,0.0,-0.4427475929260254,1759203620920766580
1.0,0.0,-0.4427475929260254,1759203620930779038
1.0,0.0,-0.4427475929260254,1759203620940769413
1.0,0.0,-0.44281846284866333,1759203620950861340
1.0,0.0,-0.44281846284866333,1759203620960858286
1.0,0.0,-0.44281846284866333,1759203620970777818
1.0,0.0,-0.44281846284866333,1759203620980759319
1.0,0.0,-0.4429880380630493,1759203620990819946
1.0,0.0,-0.4429880380630493,1759203621000765224
1.0,0.0,-0.4429880380630493,1759203621010791475
1.0,0.0,-0.4429880380630493,1759203621020822649
1.0,0.0,-0.4429880380630493,1759203621030814466
1.0,0.0,-0.4429880380630493,1759203621040802118
1.0,0.0,-0.4431544244289398,1759203621050757589
1.0,0.0,-0.4431544244289398,1759203621060758229
1.0,0.0,-0.4431544244289398,1759203621070768071
1.0,0.0,-0.4431544244289398,1759203621080747929
1.0,0.0,-0.4433196783065796,1759203621090802344
1.0,0.0,-0.4433196783065796,1759203621100946387
1.0,0.0,-0.4433196783065796,1759203621110967336
1.0,0.0,-0.4433196783065796,1759203621121012484
1.0,0.0,-0.4433196783065796,1759203621130807201
1.0,0.0,-0.4433196783065796,1759203621140740785
1.0,0.0,-0.44348400831222534,1759203621150771304
1.0,0.0,-0.44348400831222534,1759203621160797830
1.0,0.0,-0.44348400831222534,1759203621170763164
1.0,0.0,-0.44348400831222534,1759203621180771133
1.0,0.0,-0.4435395300388336,1759203621190766937
1.0,0.0,-0.4435395300388336,1759203621200953165
1.0,0.0,-0.4435395300388336,1759203621210752842
1.0,0.0,-0.4435395300388336,1759203621220803565
1.0,0.0,-0.4435395300388336,1759203621230827666
1.0,0.0,-0.4435395300388336,1759203621240809701
1.0,0.0,-0.443594753742218,1759203621250793523
1.0,0.0,-0.443594753742218,1759203621260780334
1.0,0.0,-0.443594753742218,1759203621270735141
1.0,0.0,-0.443594753742218,1759203621280780538
1.0,0.0,-0.44364961981773376,1759203621290785975
1.0,0.0,-0.44364961981773376,1759203621300755640
1.0,0.0,-0.44364961981773376,1759203621310818342
1.0,0.0,-0.44364961981773376,1759203621320767765
1.0,0.0,-0.44364961981773376,1759203621330752205
1.0,0.0,-0.44364961981773376,1759203621340965153
1.0,0.0,-0.44370415806770325,1759203621350778360
1.0,0.0,-0.44370415806770325,1759203621360756405
1.0,0.0,-0.44370415806770325,1759203621370764355
1.0,0.0,-0.44370415806770325,1759203621380741818
1.0,0.0,-0.44375839829444885,1759203621390770529
1.0,0.0,-0.44375839829444885,1759203621400789993
1.0,0.0,-0.44375839829444885,1759203621410775621
1.0,0.0,-0.44375839829444885,1759203621420751264
1.0,0.0,-0.44375839829444885,1759203621430791185
1.0,0.0,-0.44375839829444885,1759203621440753272
1.0,0.0,-0.4438122808933258,1759203621450762407
1.0,0.0,-0.4438122808933258,1759203621460758344
1.0,0.0,-0.4438122808933258,1759203621470759895
1.0,0.0,-0.4438122808933258,1759203621480807967
1.0,0.0,-0.4438658356666565,1759203621490799196
1.0,0.0,-0.4438658356666565,1759203621500807914
1.0,0.0,-0.4438658356666565,1759203621510811432
1.0,0.0,-0.4438658356666565,1759203621520761122
1.0,0.0,-0.4438658356666565,1759203621530748180
1.0,0.0,-0.4438658356666565,1759203621540764931
1.0,0.0,-0.4439190924167633,1759203621550736987
1.0,0.0,-0.4439190924167633,1759203621560757281
1.0,0.0,-0.4439190924167633,1759203621570755541
1.0,0.0,-0.4439190924167633,1759203621580773723
1.0,0.0,-0.4439190924167633,1759203621590820915
1.0,0.0,-0.4439190924167633,1759203621600771158
1.0,0.0,-0.44397202134132385,1759203621610764194
1.0,0.0,-0.44397202134132385,1759203621620829328
1.0,0.0,-0.44397202134132385,1759203621630742139
1.0,0.0,-0.44397202134132385,1759203621640757317
1.0,0.0,-0.44402459263801575,1759203621650816171
1.0,0.0,-0.44402459263801575,1759203621660807474
1.0,0.0,-0.44402459263801575,1759203621670783640
1.0,0.0,-0.44402459263801575,1759203621680757180
1.0,0.0,-0.44407686591148376,1759203621690859102
1.0,0.0,-0.44407686591148376,1759203621700829249
1.0,0.0,-0.44407686591148376,1759203621710797847
1.0,0.0,-0.44407686591148376,1759203621720820541
1.0,0.0,-0.44407686591148376,1759203621730790714
1.0,0.0,-0.44407686591148376,1759203621740760228
1.0,0.0,-0.4441288113594055,1759203621750780102
1.0,0.0,-0.4441288113594055,1759203621760829699
1.0,0.0,-0.4441288113594055,1759203621770781500
1.0,0.0,-0.4441288113594055,1759203621780758518
1.0,0.0,-0.44428467750549316,1759203621790862967
1.0,0.0,-0.44428467750549316,1759203621800754214
1.0,0.0,-0.44428467750549316,1759203621810857366
1.0,0.0,-0.44428467750549316,1759203621820802618
1.0,0.0,-0.44428467750549316,1759203621830751416
1.0,0.0,-0.44428467750549316,1759203621840767477
1.0,0.0,-0.4444396495819092,1759203621850784304
1.0,0.0,-0.4444396495819092,1759203621860787029
1.0,0.0,-0.4444396495819092,1759203621870778785
1.0,0.0,-0.4444396495819092,1759203621880780400
1.0,0.0,-0.4445936977863312,1759203621890795288
1.0,0.0,-0.4445936977863312,1759203621900770979
1.0,0.0,-0.4445936977863312,1759203621910798859
1.0,0.0,-0.4445936977863312,1759203621920774935
1.0,0.0,-0.4445936977863312,1759203621930797187
1.0,0.0,-0.4445936977863312,1759203621940787216
1.0,0.0,-0.44474682211875916,1759203621950780762
1.0,0.0,-0.44474682211875916,1759203621960760167
1.0,0.0,-0.44474682211875916,1759203621970813010
1.0,0.0,-0.44474682211875916,1759203621980807107
1.0,0.0,-0.44479596614837646,1759203621990796713
1.0,0.0,-0.44479596614837646,1759203622000764099
1.0,0.0,-0.44479596614837646,1759203622010757242
1.0,0.0,-0.44479596614837646,1759203622020783519
1.0,0.0,-0.44479596614837646,1759203622030758831
1.0,0.0,-0.44479596614837646,1759203622040752982
1.0,0.0,-0.4448448419570923,1759203622050792307
1.0,0.0,-0.4448448419570923,1759203622060833011
1.0,0.0,-0.4448448419570923,1759203622070779272
1.0,0.0,-0.4448448419570923,1759203622080854728
1.0,0.0,-0.4449959099292755,1759203622090813881
1.0,0.0,-0.4449959099292755,1759203622100764011
1.0,0.0,-0.4449959099292755,1759203622110831996
1.0,0.0,-0.4449959099292755,1759203622120824244
1.0,0.0,-0.4451460838317871,1759203622130810633
1.0,0.0,-0.4451460838317871,1759203622140750389
1.0,0.0,-0.4451460838317871,1759203622150762192
1.0,0.0,-0.4451460838317871,1759203622160753662
1.0,0.0,-0.4451460838317871,1759203622170776832
1.0,0.0,-0.4451460838317871,1759203622180790947
1.0,0.0,-0.44519346952438354,1759203622190784687
1.0,0.0,-0.44519346952438354,1759203622200779013
1.0,0.0,-0.44519346952438354,1759203622210753375
1.0,0.0,-0.44519346952438354,1759203622220780534
1.0,0.0,-0.44519346952438354,1759203622230787420
1.0,0.0,-0.44519346952438354,1759203622240748533
1.0,0.0,-0.4451387822628021,1759203622250817909
1.0,0.0,-0.4451387822628021,1759203622260747052
1.0,0.0,-0.4451387822628021,1759203622270744603
1.0,0.0,-0.4451387822628021,1759203622280788941
1.0,0.0,-0.4450843632221222,1759203622290821163
1.0,0.0,-0.4450843632221222,1759203622300785416
1.0,0.0,-0.4450843632221222,1759203622310740648
1.0,0.0,-0.4450843632221222,1759203622320792257
1.0,0.0,-0.4450843632221222,1759203622330762734
1.0,0.0,-0.4450843632221222,1759203622340768123
1.0,0.0,-0.44503018260002136,1759203622350874056
1.0,0.0,-0.44503018260002136,1759203622360788492
1.0,0.0,-0.44503018260002136,1759203622370781122
1.0,0.0,-0.44503018260002136,1759203622380778145
1.0,0.0,-0.4450773596763611,1759203622390748315
1.0,0.0,-0.4450773596763611,1759203622400785876
1.0,0.0,-0.4450773596763611,1759203622410812553
1.0,0.0,-0.4450773596763611,1759203622420863151
1.0,0.0,-0.4450773596763611,1759203622430765663
1.0,0.0,-0.4450773596763611,1759203622440782019
1.0,0.0,-0.4451242685317993,1759203622450744396
1.0,0.0,-0.4451242685317993,1759203622460825824
1.0,0.0,-0.4451242685317993,1759203622470785529
1.0,0.0,-0.4451242685317993,1759203622480765929
1.0,0.0,-0.44517090916633606,1759203622490801778
1.0,0.0,-0.44517090916633606,1759203622500805846
1.0,0.0,-0.44517090916633606,1759203622510787284
1.0,0.0,-0.44517090916633606,1759203622520799752
1.0,0.0,-0.44517090916633606,1759203622530751778
1.0,0.0,-0.44517090916633606,1759203622540762365
1.0,0.0,-0.4452172517776489,1759203622550746268
1.0,0.0,-0.4452172517776489,1759203622560775234
1.0,0.0,-0.4452172517776489,1759203622570759046
1.0,0.0,-0.4452172517776489,1759203622580748846
1.0,0.0,-0.4452633261680603,1759203622590846836
1.0,0.0,-0.4452633261680603,1759203622600795793
1.0,0.0,-0.4452633261680603,1759203622610789094
1.0,0.0,-0.4452633261680603,1759203622620847165
1.0,0.0,-0.4452633261680603,1759203622630800773
1.0,0.0,-0.4452633261680603,1759203622640826742
1.0,0.0,-0.4453091025352478,1759203622650775574
1.0,0.0,-0.4453091025352478,1759203622660765236
1.0,0.0,-0.4453091025352478,1759203622670770806
1.0,0.0,-0.4453091025352478,1759203622680816908
1.0,0.0,-0.4453546106815338,1759203622690740329
1.0,0.0,-0.4453546106815338,1759203622700795091
1.0,0.0,-0.4453546106815338,1759203622710784396
1.0,0.0,-0.4453546106815338,1759203622720803357
1.0,0.0,-0.4453546106815338,1759203622730764802
1.0,0.0,-0.4453546106815338,1759203622740756728
1.0,0.0,-0.44539985060691833,1759203622750794057
1.0,0.0,-0.44539985060691833,1759203622760767800
1.0,0.0,-0.44539985060691833,1759203622770741397
1.0,0.0,-0.44539985060691833,1759203622780749017
1.0,0.0,-0.44544482231140137,1759203622790798145
1.0,0.0,-0.44544482231140137,1759203622800832733
1.0,0.0,-0.44544482231140137,1759203622810788758
1.0,0.0,-0.44544482231140137,1759203622820744308
1.0,0.0,-0.44544482231140137,1759203622830764588
1.0,0.0,-0.44544482231140137,1759203622840778844
1.0,0.0,-0.4454895257949829,1759203622850746496
1.0,0.0,-0.4454895257949829,1759203622860784362
1.0,0.0,-0.4454895257949829,1759203622870767033
1.0,0.0,-0.4454895257949829,1759203622880746838
1.0,0.0,-0.4455339312553406,1759203622890751545
1.0,0.0,-0.4455339312553406,1759203622900796853
1.0,0.0,-0.4455339312553406,1759203622910808449
1.0,0.0,-0.4455339312553406,1759203622920759776
1.0,0.0,-0.4455339312553406,1759203622930744134
1.0,0.0,-0.4455339312553406,1759203622940798022
1.0,0.0,-0.44557806849479675,1759203622950806790
1.0,0.0,-0.44557806849479675,1759203622960815163
1.0,0.0,-0.44557806849479675,1759203622970772815
1.0,0.0,-0.44557806849479675,1759203622980778651
1.0,0.0,-0.44562196731567383,1759203622990761210
1.0,0.0,-0.44562196731567383,1759203623000820779
1.0,0.0,-0.44562196731567383,1759203623010832215
1.0,0.0,-0.44562196731567383,1759203623020899571
1.0,0.0,-0.44562196731567383,1759203623030765902
1.0,0.0,-0.44562196731567383,1759203623040780465
1.0,0.0,-0.4456655979156494,1759203623050778228
1.0,0.0,-0.4456655979156494,1759203623060773615
1.0,0.0,-0.4456655979156494,1759203623070750251
1.0,0.0,-0.4456655979156494,1759203623080782927
1.0,0.0,-0.4457089304924011,1759203623090885190
1.0,0.0,-0.4457089304924011,1759203623100901982
1.0,0.0,-0.4457089304924011,1759203623110828375
1.0,0.0,-0.4457089304924011,1759203623120795306
1.0,0.0,-0.4457089304924011,1759203623130805028
1.0,0.0,-0.4457089304924011,1759203623140797145
1.0,0.0,-0.4457520544528961,1759203623150907667
1.0,0.0,-0.4457520544528961,1759203623160775471
1.0,0.0,-0.4457520544528961,1759203623170767939
1.0,0.0,-0.4457520544528961,1759203623180776209
1.0,0.0,-0.4456980526447296,1759203623190815287
1.0,0.0,-0.4456980526447296,1759203623200790428
1.0,0.0,-0.4456980526447296,1759203623210756034
1.0,0.0,-0.4456980526447296,1759203623220765543
1.0,0.0,-0.4456980526447296,1759203623230786448
1.0,0.0,-0.4456980526447296,1759203623240734330
1.0,0.0,-0.4456443190574646,1759203623250749404
1.0,0.0,-0.4456443190574646,1759203623260804725
1.0,0.0,-0.4456443190574646,1759203623270760976
1.0,0.0,-0.4456443190574646,1759203623280780985
1.0,0.0,-0.44559088349342346,1759203623290778195
1.0,0.0,-0.44559088349342346,1759203623300793731
1.0,0.0,-0.44559088349342346,1759203623310791146
1.0,0.0,-0.44559088349342346,1759203623320762744
1.0,0.0,-0.44559088349342346,1759203623330810749
1.0,0.0,-0.44559088349342346,1759203623340792149
1.0,0.0,-0.4455376863479614,1759203623350796351
1.0,0.0,-0.4455376863479614,1759203623360771436
1.0,0.0,-0.4455376863479614,1759203623370777152
1.0,0.0,-0.4455376863479614,1759203623380741085
1.0,0.0,-0.4454847574234009,1759203623390757767
1.0,0.0,-0.4454847574234009,1759203623400743073
1.0,0.0,-0.4454847574234009,1759203623410754376
1.0,0.0,-0.4454847574234009,1759203623420790687
1.0,0.0,-0.4454847574234009,1759203623430744741
1.0,0.0,-0.4454847574234009,1759203623440805183
1.0,0.0,-0.44543206691741943,1759203623450764222
1.0,0.0,-0.44543206691741943,1759203623460847893
1.0,0.0,-0.44543206691741943,1759203623470816877
1.0,0.0,-0.44543206691741943,1759203623480776904
1.0,0.0,-0.44537967443466187,1759203623490766484
1.0,0.0,-0.44537967443466187,1759203623500783869
1.0,0.0,-0.44537967443466187,1759203623510759088
1.0,0.0,-0.44537967443466187,1759203623520808189
1.0,0.0,-0.44537967443466187,1759203623530765032
1.0,0.0,-0.44537967443466187,1759203623540744244
1.0,0.0,-0.4453275203704834,1759203623550766786
1.0,0.0,-0.4453275203704834,1759203623560814292
1.0,0.0,-0.4453275203704834,1759203623570816255
1.0,0.0,-0.4453275203704834,1759203623580797247
1.0,0.0,-0.44527560472488403,1759203623590818926
1.0,0.0,-0.44527560472488403,1759203623600790607
1.0,0.0,-0.44527560472488403,1759203623610817746
1.0,0.0,-0.44527560472488403,1759203623620750116
1.0,0.0,-0.44527560472488403,1759203623630794960
1.0,0.0,-0.44527560472488403,1759203623640751900
1.0,0.0,-0.44522398710250854,1759203623650788840
1.0,0.0,-0.44522398710250854,1759203623660778863
1.0,0.0,-0.44522398710250854,1759203623670771705
1.0,0.0,-0.44522398710250854,1759203623680805399
1.0,0.0,-0.44517260789871216,1759203623690816185
1.0,0.0,-0.44517260789871216,1759203623700781732
1.0,0.0,-0.44517260789871216,1759203623710753548
1.0,0.0,-0.44517260789871216,1759203623720796007
1.0,0.0,-0.44517260789871216,1759203623730773614
1.0,0.0,-0.44517260789871216,1759203623740772494
1.0,0.0,-0.4451214671134949,1759203623750760402
1.0,0.0,-0.4451214671134949,1759203623760786080
1.0,0.0,-0.4451214671134949,1759203623770786753
1.0,0.0,-0.4451214671134949,1759203623780782197
1.0,0.0,-0.4450705945491791,1759203623790814773
1.0,0.0,-0.4450705945491791,1759203623800880147
1.0,0.0,-0.4450705945491791,1759203623810761895
1.0,0.0,-0.4450705945491791,1759203623820743466
1.0,0.0,-0.4450705945491791,1759203623830785135
1.0,0.0,-0.4450705945491791,1759203623840786997
1.0,0.0,-0.4450199604034424,1759203623850877018
1.0,0.0,-0.4450199604034424,1759203623860770495
1.0,0.0,-0.4450199604034424,1759203623870799816
1.0,0.0,-0.4450199604034424,1759203623880817595
1.0,0.0,-0.4449695944786072,1759203623890790684
1.0,0.0,-0.4449695944786072,1759203623900776719
1.0,0.0,-0.4449695944786072,1759203623910778906
1.0,0.0,-0.4449695944786072,1759203623920808144
1.0,0.0,-0.4449695944786072,1759203623930766025
1.0,0.0,-0.4449695944786072,1759203623940750682
1.0,0.0,-0.4449194669723511,1759203623950776766
1.0,0.0,-0.4449194669723511,1759203623960762107
1.0,0.0,-0.4449194669723511,1759203623970790751
1.0,0.0,-0.4449194669723511,1759203623980770991
1.0,0.0,-0.4448695778846741,1759203623990948891
1.0,0.0,-0.4448695778846741,1759203624000785187
1.0,0.0,-0.4448695778846741,1759203624010783993
1.0,0.0,-0.4448695778846741,1759203624020883590
1.0,0.0,-0.4448695778846741,1759203624030780422
1.0,0.0,-0.4448695778846741,1759203624040755250
1.0,0.0,-0.44481992721557617,1759203624050776791
1.0,0.0,-0.44481992721557617,1759203624060757644
1.0,0.0,-0.44481992721557617,1759203624070760581
1.0,0.0,-0.44481992721557617,1759203624080767734
1.0,0.0,-0.44477054476737976,1759203624090771716
1.0,0.0,-0.44477054476737976,1759203624100811846
1.0,0.0,-0.44477054476737976,1759203624110756992
1.0,0.0,-0.44477054476737976,1759203624120777269
1.0,0.0,-0.44477054476737976,1759203624130786018
1.0,0.0,-0.44477054476737976,1759203624140778273
1.0,0.0,-0.44472137093544006,1759203624150807783
1.0,0.0,-0.44472137093544006,1759203624160781495
1.0,0.0,-0.44472137093544006,1759203624170760626
1.0,0.0,-0.44472137093544006,1759203624180753968
1.0,0.0,-0.44467243552207947,1759203624190781297
1.0,0.0,-0.44467243552207947,1759203624200746120
1.0,0.0,-0.44467243552207947,1759203624210804018
1.0,0.0,-0.44467243552207947,1759203624220763729
1.0,0.0,-0.44467243552207947,1759203624230776172
1.0,0.0,-0.44467243552207947,1759203624240802892
1.0,0.0,-0.44462376832962036,1759203624250816296
1.0,0.0,-0.44462376832962036,1759203624260825184
1.0,0.0,-0.44462376832962036,1759203624270772336
1.0,0.0,-0.44462376832962036,1759203624280831802
1.0,0.0,-0.44457533955574036,1759203624290756135
1.0,0.0,-0.44457533955574036,1759203624300753291
1.0,0.0,-0.44457533955574036,1759203624310748182
1.0,0.0,-0.44457533955574036,1759203624320790123
1.0,0.0,-0.44452711939811707,1759203624330746596
1.0,0.0,-0.44452711939811707,1759203624340787934
1.0,0.0,-0.44452711939811707,1759203624350846498
1.0,0.0,-0.44452711939811707,1759203624360773213
1.0,0.0,-0.44452711939811707,1759203624370771540
1.0,0.0,-0.44452711939811707,1759203624380831534
1.0,0.0,-0.4444791376590729,1759203624390792713
1.0,0.0,-0.4444791376590729,1759203624400927840
1.0,0.0,-0.4444791376590729,1759203624410803153
1.0,0.0,-0.4444791376590729,1759203624420826372
1.0,0.0,-0.4444791376590729,1759203624431039394
1.0,0.0,-0.4444791376590729,1759203624440789687
1.0,0.0,-0.4444313645362854,1759203624450732557
1.0,0.0,-0.4444313645362854,1759203624460763908
1.0,0.0,-0.4444313645362854,1759203624470800454
1.0,0.0,-0.4444313645362854,1759203624480756196
1.0,0.0,-0.4443838596343994,1759203624490749260
1.0,0.0,-0.4443838596343994,1759203624500826535
1.0,0.0,-0.4443838596343994,1759203624510757369
1.0,0.0,-0.4443838596343994,1759203624520795366
1.0,0.0,-0.4443838596343994,1759203624530968859
1.0,0.0,-0.4443838596343994,1759203624540764638
1.0,0.0,-0.44433656334877014,1759203624550800028
1.0,0.0,-0.44433656334877014,1759203624560767340
1.0,0.0,-0.44433656334877014,1759203624570743306
1.0,0.0,-0.44433656334877014,1759203624580771274
1.0,0.0,-0.44428950548171997,1759203624590793348
1.0,0.0,-0.44428950548171997,1759203624600813107
1.0,0.0,-0.44428950548171997,1759203624610819483
1.0,0.0,-0.44428950548171997,1759203624620780648
1.0,0.0,-0.44428950548171997,1759203624630768990
1.0,0.0,-0.44428950548171997,1759203624640764377
1.0,0.0,-0.4442426562309265,1759203624650819899
1.0,0.0,-0.4442426562309265,1759203624660776254
1.0,0.0,-0.4442426562309265,1759203624670794190
1.0,0.0,-0.4442426562309265,1759203624680782285
1.0,0.0,-0.44419607520103455,1759203624690800169
1.0,0.0,-0.44419607520103455,1759203624700778443
1.0,0.0,-0.44419607520103455,1759203624710810303
1.0,0.0,-0.44419607520103455,1759203624720770401
1.0,0.0,-0.44419607520103455,1759203624730859526
1.0,0.0,-0.44419607520103455,1759203624740747369
1.0,0.0,-0.4441497027873993,1759203624750766243
1.0,0.0,-0.4441497027873993,1759203624760761444
1.0,0.0,-0.4441497027873993,1759203624770796766
1.0,0.0,-0.4441497027873993,1759203624780751262
1.0,0.0,-0.44410353899002075,1759203624790820635
1.0,0.0,-0.44410353899002075,1759203624800790392
1.0,0.0,-0.44410353899002075,1759203624810751330
1.0,0.0,-0.44410353899002075,1759203624820748868
1.0,0.0,-0.44410353899002075,1759203624831074008
1.0,0.0,-0.44410353899002075,1759203624840930420
1.0,0.0,-0.4440576136112213,1759203624850763726
1.0,0.0,-0.4440576136112213,1759203624860753865
1.0,0.0,-0.4440576136112213,1759203624870806448
1.0,0.0,-0.4440576136112213,1759203624880772728
1.0,0.0,-0.4440118968486786,1759203624890855108
1.0,0.0,-0.4440118968486786,1759203624900814624
1.0,0.0,-0.4440118968486786,1759203624910757721
1.0,0.0,-0.4440118968486786,1759203624920781723
1.0,0.0,-0.4440118968486786,1759203624930773120
1.0,0.0,-0.4440118968486786,1759203624940742283
1.0,0.0,-0.44396641850471497,1759203624950781992
1.0,0.0,-0.44396641850471497,1759203624960767908
1.0,0.0,-0.44396641850471497,1759203624970791305
1.0,0.0,-0.44396641850471497,1759203624980802043
1.0,0.0,-0.44392117857933044,1759203624990838962
1.0,0.0,-0.44392117857933044,1759203625000765270
1.0,0.0,-0.44392117857933044,1759203625010769576
1.0,0.0,-0.44392117857933044,1759203625020785256
1.0,0.0,-0.44392117857933044,1759203625031146500
1.0,0.0,-0.44392117857933044,1759203625041008048
1.0,0.0,-0.44387611746788025,1759203625050799126
1.0,0.0,-0.44387611746788025,1759203625060754712
1.0,0.0,-0.44387611746788025,1759203625070747438
1.0,0.0,-0.44387611746788025,1759203625080804970
1.0,0.0,-0.44383132457733154,1759203625090804522
1.0,0.0,-0.44383132457733154,1759203625100860331
1.0,0.0,-0.44383132457733154,1759203625110775015
1.0,0.0,-0.44383132457733154,1759203625120775283
1.0,0.0,-0.44383132457733154,1759203625130778836
1.0,0.0,-0.44383132457733154,1759203625140784127
1.0,0.0,-0.44378671050071716,1759203625150810013
1.0,0.0,-0.44378671050071716,1759203625160789494
1.0,0.0,-0.44378671050071716,1759203625170748359
1.0,0.0,-0.44378671050071716,1759203625180761128
1.0,0.0,-0.4437423348426819,1759203625190774225
1.0,0.0,-0.4437423348426819,1759203625200761182
1.0,0.0,-0.4437423348426819,1759203625210764117
1.0,0.0,-0.4437423348426819,1759203625220772171
1.0,0.0,-0.4437423348426819,1759203625230825451
1.0,0.0,-0.4437423348426819,1759203625241022518
1.0,0.0,-0.4436981678009033,1759203625250750207
1.0,0.0,-0.4436981678009033,1759203625260779521
1.0,0.0,-0.4436981678009033,1759203625270759339
1.0,0.0,-0.4436981678009033,1759203625280812190
1.0,0.0,-0.44365420937538147,1759203625290754412
1.0,0.0,-0.44365420937538147,1759203625300783988
1.0,0.0,-0.44365420937538147,1759203625310747055
1.0,0.0,-0.44365420937538147,1759203625320772897
1.0,0.0,-0.44365420937538147,1759203625330793499
1.0,0.0,-0.44365420937538147,1759203625340772114
1.0,0.0,-0.44361045956611633,1759203625350815980
1.0,0.0,-0.44361045956611633,1759203625360784168
1.0,0.0,-0.44361045956611633,1759203625370800915
1.0,0.0,-0.44361045956611633,1759203625380745527
1.0,0.0,-0.4435669481754303,1759203625390759662
1.0,0.0,-0.4435669481754303,1759203625400782738
1.0,0.0,-0.4435669481754303,1759203625410777076
1.0,0.0,-0.4435669481754303,1759203625420815871
1.0,0.0,-0.4435669481754303,1759203625430789146
1.0,0.0,-0.4435669481754303,1759203625440795162
1.0,0.0,-0.4435236155986786,1759203625450770436
1.0,0.0,-0.4435236155986786,1759203625460856295
1.0,0.0,-0.4435236155986786,1759203625470833193
1.0,0.0,-0.4435236155986786,1759203625480786900
1.0,0.0,-0.443480521440506,1759203625490788152
1.0,0.0,-0.443480521440506,1759203625500783884
1.0,0.0,-0.443480521440506,1759203625510808806
1.0,0.0,-0.443480521440506,1759203625520736875
1.0,0.0,-0.443480521440506,1759203625531061070
1.0,0.0,-0.443480521440506,1759203625540761476
1.0,0.0,-0.4434376060962677,1759203625550768248
1.0,0.0,-0.4434376060962677,1759203625560793718
1.0,0.0,-0.4434376060962677,1759203625570786668
1.0,0.0,-0.4434376060962677,1759203625580804091
1.0,0.0,-0.44338375329971313,1759203625590775257
1.0,0.0,-0.44338375329971313,1759203625600781145
1.0,0.0,-0.44338375329971313,1759203625610759944
1.0,0.0,-0.44338375329971313,1759203625621095515
1.0,0.0,-0.44332993030548096,1759203625630808458
1.0,0.0,-0.44332993030548096,1759203625640757555
1.0,0.0,-0.44332993030548096,1759203625650811633
1.0,0.0,-0.44332993030548096,1759203625660801871
1.0,0.0,-0.44332993030548096,1759203625670832433
1.0,0.0,-0.44332993030548096,1759203625680791832
1.0,0.0,-0.44327569007873535,1759203625690782287
1.0,0.0,-0.44327569007873535,1759203625700757136
1.0,0.0,-0.44327569007873535,1759203625710783672
1.0,0.0,-0.44327569007873535,1759203625720745658
1.0,0.0,-0.44327569007873535,1759203625730751665
1.0,0.0,-0.44327569007873535,1759203625740827817
1.0,0.0,-0.44322091341018677,1759203625750755704
1.0,0.0,-0.44322091341018677,1759203625760751247
1.0,0.0,-0.44322091341018677,1759203625770747707
1.0,0.0,-0.44322091341018677,1759203625780787604
1.0,0.0,-0.4432680308818817,1759203625790825589
1.0,0.0,-0.4432680308818817,1759203625800818642
1.0,0.0,-0.4432680308818817,1759203625810782333
1.0,0.0,-0.4432680308818817,1759203625820830464
1.0,0.0,-0.4432680308818817,1759203625830776894
1.0,0.0,-0.4432680308818817,1759203625840809902
1.0,0.0,-0.44331592321395874,1759203625850791469
1.0,0.0,-0.44331592321395874,1759203625860799436
1.0,0.0,-0.44331592321395874,1759203625870796557
1.0,0.0,-0.44331592321395874,1759203625880802267
1.0,0.0,-0.4433635473251343,1759203625890755467
1.0,0.0,-0.4433635473251343,1759203625900838889
1.0,0.0,-0.4433635473251343,1759203625910816319
1.0,0.0,-0.4433635473251343,1759203625920733648
1.0,0.0,-0.4433635473251343,1759203625930766894
1.0,0.0,-0.4433635473251343,1759203625940757341
1.0,0.0,-0.44341084361076355,1759203625950759128
1.0,0.0,-0.44341084361076355,1759203625960782297
1.0,0.0,-0.44341084361076355,1759203625970821493
1.0,0.0,-0.44341084361076355,1759203625980759651
1.0,0.0,-0.44345784187316895,1759203625990779072
1.0,0.0,-0.44345784187316895,1759203626000776388
1.0,0.0,-0.44345784187316895,1759203626010785222
1.0,0.0,-0.44345784187316895,1759203626020797048
1.0,0.0,-0.44345784187316895,1759203626030754270
1.0,0.0,-0.44345784187316895,1759203626040754167
1.0,0.0,-0.4435044527053833,1759203626050768189
1.0,0.0,-0.4435044527053833,1759203626060811081
1.0,0.0,-0.4435044527053833,1759203626070746080
1.0,0.0,-0.4435044527053833,1759203626080766804
1.0,0.0,-0.4435507655143738,1759203626090755564
1.0,0.0,-0.4435507655143738,1759203626100750164
1.0,0.0,-0.4435507655143738,1759203626110847500
1.0,0.0,-0.4435507655143738,1759203626120861001
1.0,0.0,-0.4435507655143738,1759203626131240086
1.0,0.0,-0.4435507655143738,1759203626140779090
1.0,0.0,-0.4435967803001404,1759203626150790307
1.0,0.0,-0.4435967803001404,1759203626160779595
1.0,0.0,-0.4435967803001404,1759203626170803985
1.0,0.0,-0.4435967803001404,1759203626180769139
1.0,0.0,-0.4436424970626831,1759203626190759476
1.0,0.0,-0.4436424970626831,1759203626200801956
1.0,0.0,-0.4436424970626831,1759203626210761858
1.0,0.0,-0.4436424970626831,1759203626220764347
1.0,0.0,-0.4436424970626831,1759203626230765570
1.0,0.0,-0.4436424970626831,1759203626240853100
1.0,0.0,-0.4436878263950348,1759203626250852565
1.0,0.0,-0.4436878263950348,1759203626260814023
1.0,0.0,-0.4436878263950348,1759203626270784090
1.0,0.0,-0.4436878263950348,1759203626280812476
1.0,0.0,-0.4437329173088074,1759203626290783201
1.0,0.0,-0.4437329173088074,1759203626300891387
1.0,0.0,-0.4437329173088074,1759203626310751358
1.0,0.0,-0.4437329173088074,1759203626320851817
1.0,0.0,-0.4437329173088074,1759203626330744331
1.0,0.0,-0.4437329173088074,1759203626340747772
1.0,0.0,-0.4437776803970337,1759203626350774844
1.0,0.0,-0.4437776803970337,1759203626360832357
1.0,0.0,-0.4437776803970337,1759203626370786630
1.0,0.0,-0.4437776803970337,1759203626380746489
1.0,0.0,-0.4438221752643585,1759203626390778745
1.0,0.0,-0.4438221752643585,1759203626400782953
1.0,0.0,-0.4438221752643585,1759203626410755862
1.0,0.0,-0.4438221752643585,1759203626420794091
1.0,0.0,-0.4438221752643585,1759203626430757524
1.0,0.0,-0.4438221752643585,1759203626440806150
1.0,0.0,-0.4438663721084595,1759203626450769533
1.0,0.0,-0.4438663721084595,1759203626460756403
1.0,0.0,-0.4438663721084595,1759203626470756715
1.0,0.0,-0.4438663721084595,1759203626480776718
1.0,0.0,-0.44391027092933655,1759203626490777760
1.0,0.0,-0.44391027092933655,1759203626500759241
1.0,0.0,-0.44391027092933655,1759203626510824763
1.0,0.0,-0.44391027092933655,1759203626520798222
1.0,0.0,-0.44391027092933655,1759203626530759052
1.0,0.0,-0.44391027092933655,1759203626540796942
1.0,0.0,-0.4439539313316345,1759203626550773241
1.0,0.0,-0.4439539313316345,1759203626560754656
1.0,0.0,-0.4439539313316345,1759203626570783815
1.0,0.0,-0.4439539313316345,1759203626580741817
1.0,0.0,-0.4439972937107086,1759203626590758429
1.0,0.0,-0.4439972937107086,1759203626601052017
1.0,0.0,-0.4439972937107086,1759203626610809612
1.0,0.0,-0.4439972937107086,1759203626620758920
1.0,0.0,-0.4439972937107086,1759203626630757192
1.0,0.0,-0.4439972937107086,1759203626640750841
1.0,0.0,-0.44404035806655884,1759203626650760537
1.0,0.0,-0.44404035806655884,1759203626660791810
1.0,0.0,-0.44404035806655884,1759203626670827255
1.0,0.0,-0.44404035806655884,1759203626680787864
1.0,0.0,-0.4439963102340698,1759203626690801156
1.0,0.0,-0.4439963102340698,1759203626700784372
1.0,0.0,-0.4439963102340698,1759203626710797881
1.0,0.0,-0.4439963102340698,1759203626720806486
1.0,0.0,-0.4439963102340698,1759203626730777891
1.0,0.0,-0.4439963102340698,1759203626740782085
1.0,0.0,-0.4439525008201599,1759203626750762386
1.0,0.0,-0.4439525008201599,1759203626760781089
1.0,0.0,-0.4439525008201599,1759203626770787039
1.0,0.0,-0.4439525008201599,1759203626780764706
1.0,0.0,-0.4439952075481415,1759203626790763306
1.0,0.0,-0.4439952075481415,1759203626800811447
1.0,0.0,-0.4439952075481415,1759203626810760076
1.0,0.0,-0.4439952075481415,1759203626820770880
1.0,0.0,-0.4439952075481415,1759203626830775522
1.0,0.0,-0.4439952075481415,1759203626840783204
1.0,0.0,-0.44403761625289917,1759203626850764038
1.0,0.0,-0.44403761625289917,1759203626860810792
1.0,0.0,-0.44403761625289917,1759203626870802924
1.0,0.0,-0.44403761625289917,1759203626880804510
1.0,0.0,-0.44407978653907776,1759203626890756295
1.0,0.0,-0.44407978653907776,1759203626900821909
1.0,0.0,-0.44407978653907776,1759203626910780023
1.0,0.0,-0.44407978653907776,1759203626920755735
1.0,0.0,-0.44407978653907776,1759203626930756409
1.0,0.0,-0.44407978653907776,1759203626940814427
1.0,0.0,-0.4441216289997101,1759203626950825657
1.0,0.0,-0.4441216289997101,1759203626960801775
1.0,0.0,-0.4441216289997101,1759203626970741356
1.0,0.0,-0.4441216289997101,1759203626980773838
1.0,0.0,-0.4441632330417633,1759203626990774986
1.0,0.0,-0.4441632330417633,1759203627000774522
1.0,0.0,-0.4441632330417633,1759203627010786181
1.0,0.0,-0.4441632330417633,1759203627020848524
1.0,0.0,-0.4441632330417633,1759203627030759556
1.0,0.0,-0.4441632330417633,1759203627040773987
1.0,0.0,-0.44420453906059265,1759203627050757264
1.0,0.0,-0.44420453906059265,1759203627060772925
1.0,0.0,-0.44420453906059265,1759203627070786611
1.0,0.0,-0.44420453906059265,1759203627080759932
1.0,0.0,-0.4442456066608429,1759203627090786519
1.0,0.0,-0.4442456066608429,1759203627100769737
1.0,0.0,-0.4442456066608429,1759203627110768766
1.0,0.0,-0.4442456066608429,1759203627120798468
1.0,0.0,-0.4442456066608429,1759203627130829832
1.0,0.0,-0.4442456066608429,1759203627140767972
1.0,0.0,-0.44428640604019165,1759203627150740519
1.0,0.0,-0.44428640604019165,1759203627160772073
1.0,0.0,-0.44428640604019165,1759203627170745792
1.0,0.0,-0.44428640604019165,1759203627180776041
1.0,0.0,-0.4443269670009613,1759203627190771455
1.0,0.0,-0.4443269670009613,1759203627200780420
1.0,0.0,-0.4443269670009613,1759203627210759790
1.0,0.0,-0.4443269670009613,1759203627220799301
1.0,0.0,-0.4443269670009613,1759203627230796820
1.0,0.0,-0.4443269670009613,1759203627240898982
1.0,0.0,-0.44436725974082947,1759203627250765258
1.0,0.0,-0.44436725974082947,1759203627260819651
1.0,0.0,-0.44436725974082947,1759203627270744556
1.0,0.0,-0.44436725974082947,1759203627280802126
1.0,0.0,-0.44440728425979614,1759203627290849309
1.0,0.0,-0.44440728425979614,1759203627300799928
1.0,0.0,-0.44440728425979614,1759203627310762329
1.0,0.0,-0.44440728425979614,1759203627320763658
1.0,0.0,-0.44440728425979614,1759203627330838000
1.0,0.0,-0.44440728425979614,1759203627340785186
1.0,0.0,-0.4444470703601837,1759203627350774004
1.0,0.0,-0.4444470703601837,1759203627360769198
1.0,0.0,-0.4444470703601837,1759203627370781861
1.0,0.0,-0.4444470703601837,1759203627380803779
1.0,0.0,-0.4444865882396698,1759203627390805740
1.0,0.0,-0.4444865882396698,1759203627400782556
1.0,0.0,-0.4444865882396698,1759203627410791564
1.0,0.0,-0.4444865882396698,1759203627420758634
1.0,0.0,-0.4444865882396698,1759203627430749669
1.0,0.0,-0.4444865882396698,1759203627440744447
1.0,0.0,-0.4444431662559509,1759203627450759001
1.0,0.0,-0.4444431662559509,1759203627460775876
1.0,0.0,-0.4444431662559509,1759203627470747775
1.0,0.0,-0.4444431662559509,1759203627480761533
1.0,0.0,-0.4444112479686737,1759203627490815599
1.0,0.0,-0.4444112479686737,1759203627500819133
1.0,0.0,-0.4444112479686737,1759203627510795296
1.0,0.0,-0.4444112479686737,1759203627520751543
1.0,0.0,-0.4444112479686737,1759203627530799702
1.0,0.0,-0.4444112479686737,1759203627540836107
1.0,0.0,-0.44437968730926514,1759203627550774694
1.0,0.0,-0.44437968730926514,1759203627560764229
1.0,0.0,-0.44437968730926514,1759203627570765762
1.0,0.0,-0.44437968730926514,1759203627580815518
1.0,0.0,-0.44441789388656616,1759203627590764836
1.0,0.0,-0.44441789388656616,1759203627600751246
1.0,0.0,-0.44441789388656616,1759203627610781675
1.0,0.0,-0.44441789388656616,1759203627620785788
1.0,0.0,-0.44441789388656616,1759203627630773652
1.0,0.0,-0.44441789388656616,1759203627640806416
1.0,0.0,-0.44445499777793884,1759203627650785246
1.0,0.0,-0.44445499777793884,1759203627660771565
1.0,0.0,-0.44445499777793884,1759203627670758211
1.0,0.0,-0.44445499777793884,1759203627680755110
1.0,0.0,-0.4444919228553772,1759203627690784143
1.0,0.0,-0.4444919228553772,1759203627700797652
1.0,0.0,-0.4444919228553772,1759203627710791089
1.0,0.0,-0.4444919228553772,1759203627720952048
1.0,0.0,-0.4444919228553772,1759203627730786722
1.0,0.0,-0.4444919228553772,1759203627740775084
1.0,0.0,-0.44452860951423645,1759203627750752338
1.0,0.0,-0.44452860951423645,1759203627760821106
1.0,0.0,-0.44452860951423645,1759203627770768586
1.0,0.0,-0.44452860951423645,1759203627780740500
1.0,0.0,-0.444565087556839,1759203627790828562
1.0,0.0,-0.444565087556839,1759203627800851604
1.0,0.0,-0.444565087556839,1759203627810793977
1.0,0.0,-0.444565087556839,1759203627820762511
1.0,0.0,-0.444565087556839,1759203627830773065
1.0,0.0,-0.444565087556839,1759203627840750243
1.0,0.0,-0.4446013867855072,1759203627850784674
1.0,0.0,-0.4446013867855072,1759203627860759719
1.0,0.0,-0.4446013867855072,1759203627870754730
1.0,0.0,-0.4446013867855072,1759203627880753017
1.0,0.0,-0.4446374475955963,1759203627890752493
1.0,0.0,-0.4446374475955963,1759203627900809508
1.0,0.0,-0.4446374475955963,1759203627910798585
1.0,0.0,-0.4446374475955963,1759203627920795401
1.0,0.0,-0.4446374475955963,1759203627930749439
1.0,0.0,-0.4446374475955963,1759203627940756401
1.0,0.0,-0.4446733295917511,1759203627950773527
1.0,0.0,-0.4446733295917511,1759203627960783150
1.0,0.0,-0.4446733295917511,1759203627970776409
1.0,0.0,-0.4446733295917511,1759203627980792899
1.0,0.0,-0.44470900297164917,1759203627990812533
1.0,0.0,-0.44470900297164917,1759203628000822023
1.0,0.0,-0.44470900297164917,1759203628010742277
1.0,0.0,-0.44470900297164917,1759203628020803521
1.0,0.0,-0.44470900297164917,1759203628030750098
1.0,0.0,-0.44470900297164917,1759203628040804362
1.0,0.0,-0.4447444677352905,1759203628050792999
1.0,0.0,-0.4447444677352905,1759203628060765500
1.0,0.0,-0.4447444677352905,1759203628070831127
1.0,0.0,-0.4447444677352905,1759203628080794599
1.0,0.0,-0.44477975368499756,1759203628090767646
1.0,0.0,-0.44477975368499756,1759203628100834458
1.0,0.0,-0.44477975368499756,1759203628110766701
1.0,0.0,-0.44477975368499756,1759203628120807031
1.0,0.0,-0.44477975368499756,1759203628130761743
1.0,0.0,-0.44477975368499756,1759203628140827855
1.0,0.0,-0.4448148310184479,1759203628150767777
1.0,0.0,-0.4448148310184479,1759203628160754759
1.0,0.0,-0.4448148310184479,1759203628170777013
1.0,0.0,-0.4448148310184479,1759203628180762851
1.0,0.0,-0.4448496997356415,1759203628190765404
1.0,0.0,-0.4448496997356415,1759203628200740041
1.0,0.0,-0.4448496997356415,1759203628210861129
1.0,0.0,-0.4448496997356415,1759203628220955487
1.0,0.0,-0.4448496997356415,1759203628230800368
1.0,0.0,-0.4448496997356415,1759203628240751985
1.0,0.0,-0.44488438963890076,1759203628250773944
1.0,0.0,-0.44488438963890076,1759203628260772092
1.0,0.0,-0.44488438963890076,1759203628270756049
1.0,0.0,-0.44488438963890076,1759203628280754800
1.0,0.0,-0.4449188709259033,1759203628290777844
1.0,0.0,-0.4449188709259033,1759203628300819886
1.0,0.0,-0.4449188709259033,1759203628310812332
1.0,0.0,-0.4449188709259033,1759203628320758661
1.0,0.0,-0.4449188709259033,1759203628330786944
1.0,0.0,-0.4449188709259033,1759203628340809300
1.0,0.0,-0.44495314359664917,1759203628350763170
1.0,0.0,-0.44495314359664917,1759203628360763822
1.0,0.0,-0.44495314359664917,1759203628370871717
1.0,0.0,-0.44495314359664917,1759203628380825825
1.0,0.0,-0.4449872672557831,1759203628390771688
1.0,0.0,-0.4449872672557831,1759203628400829278
1.0,0.0,-0.4449872672557831,1759203628410758129
1.0,0.0,-0.4449872672557831,1759203628420773927
1.0,0.0,-0.4449872672557831,1759203628430747106
1.0,0.0,-0.4449872672557831,1759203628440767063
1.0,0.0,-0.4450211524963379,1759203628450763902
1.0,0.0,-0.4450211524963379,1759203628460767393
1.0,0.0,-0.4450211524963379,1759203628470770364
1.0,0.0,-0.4450211524963379,1759203628480799533
1.0,0.0,-0.44505488872528076,1759203628490790530
1.0,0.0,-0.44505488872528076,1759203628500768053
1.0,0.0,-0.44505488872528076,1759203628510816774
1.0,0.0,-0.44505488872528076,1759203628520839365
1.0,0.0,-0.44505488872528076,1759203628530765621
1.0,0.0,-0.44505488872528076,1759203628540789897
1.0,0.0,-0.4450884163379669,1759203628550798258
1.0,0.0,-0.4450884163379669,1759203628560853593
1.0,0.0,-0.4450884163379669,1759203628570752524
1.0,0.0,-0.4450884163379669,1759203628580756664
1.0,0.0,-0.44512176513671875,1759203628590797636
1.0,0.0,-0.44512176513671875,1759203628601083713
1.0,0.0,-0.44512176513671875,1759203628610757221
1.0,0.0,-0.44512176513671875,1759203628620781685
1.0,0.0,-0.44512176513671875,1759203628630750594
1.0,0.0,-0.44512176513671875,1759203628640763748
1.0,0.0,-0.44515493512153625,1759203628650848838
1.0,0.0,-0.44515493512153625,1759203628660776065
1.0,0.0,-0.44515493512153625,1759203628670746141
1.0,0.0,-0.44515493512153625,1759203628680750266
1.0,0.0,-0.44518789649009705,1759203628690776337
1.0,0.0,-0.44518789649009705,1759203628700759954
1.0,0.0,-0.44518789649009705,1759203628710794330
1.0,0.0,-0.44518789649009705,1759203628720796241
1.0,0.0,-0.44518789649009705,1759203628730789163
1.0,0.0,-0.44518789649009705,1759203628740815556
1.0,0.0,-0.4452206790447235,1759203628751272120
1.0,0.0,-0.4452206790447235,1759203628760817869
1.0,0.0,-0.4452206790447235,1759203628770840188
1.0,0.0,-0.4452206790447235,1759203628780771772
1.0,0.0,-0.44525328278541565,1759203628790772172
1.0,0.0,-0.44525328278541565,1759203628800779481
1.0,0.0,-0.44525328278541565,1759203628810813565
1.0,0.0,-0.44525328278541565,1759203628820774730
1.0,0.0,-0.44525328278541565,1759203628830800777
1.0,0.0,-0.44525328278541565,1759203628840768051
1.0,0.0,-0.44528570771217346,1759203628850841669
1.0,0.0,-0.44528570771217346,1759203628860853863
1.0,0.0,-0.44528570771217346,1759203628870762591
1.0,0.0,-0.44528570771217346,1759203628880767077
1.0,0.0,-0.44531795382499695,1759203628890756454
1.0,0.0,-0.44531795382499695,1759203628900759079
1.0,0.0,-0.44531795382499695,1759203628910760174
1.0,0.0,-0.44531795382499695,1759203628920751220
1.0,0.0,-0.44531795382499695,1759203628930742065
1.0,0.0,-0.44531795382499695,1759203628940756074
1.0,0.0,-0.4453500211238861,1759203628950754900
1.0,0.0,-0.4453500211238861,1759203628960756373
1.0,0.0,-0.4453500211238861,1759203628970811119
1.0,0.0,-0.4453500211238861,1759203628980789647
1.0,0.0,-0.44538190960884094,1759203628990842488
1.0,0.0,-0.44538190960884094,1759203629000776186
1.0,0.0,-0.44538190960884094,1759203629010745245
1.0,0.0,-0.44538190960884094,1759203629020816416
1.0,0.0,-0.44538190960884094,1759203629030774384
1.0,0.0,-0.44538190960884094,1759203629040767327
1.0,0.0,-0.44541361927986145,1759203629050786109
1.0,0.0,-0.44541361927986145,1759203629060791619
1.0,0.0,-0.44541361927986145,1759203629070811987
1.0,0.0,-0.44541361927986145,1759203629080765198
1.0,0.0,-0.44544515013694763,1759203629090800121
1.0,0.0,-0.44544515013694763,1759203629100853747
1.0,0.0,-0.44544515013694763,1759203629110773835
1.0,0.0,-0.44544515013694763,1759203629120721924
1.0,0.0,-0.44544515013694763,1759203629130801360
1.0,0.0,-0.44544515013694763,1759203629140754169
1.0,0.0,-0.4454765021800995,1759203629150747994
1.0,0.0,-0.4454765021800995,1759203629160754534
1.0,0.0,-0.4454765021800995,1759203629170846382
1.0,0.0,-0.4454765021800995,1759203629180807767
1.0,0.0,-0.4454765021800995,1759203629190761014
1.0,0.0,-0.4454765021800995,1759203629200831539
1.0,0.0,-0.445507675409317,1759203629210785206
1.0,0.0,-0.445507675409317,1759203629220789905
1.0,0.0,-0.445507675409317,1759203629230757425
1.0,0.0,-0.445507675409317,1759203629240749679
1.0,0.0,-0.4455386996269226,1759203629250747606
1.0,0.0,-0.4455386996269226,1759203629260774273
1.0,0.0,-0.4455386996269226,1759203629270834361
1.0,0.0,-0.4455386996269226,1759203629280759826
1.0,0.0,-0.44556954503059387,1759203629290798908
1.0,0.0,-0.44556954503059387,1759203629300788870
1.0,0.0,-0.44556954503059387,1759203629310762119
1.0,0.0,-0.44556954503059387,1759203629320750331
1.0,0.0,-0.44556954503059387,1759203629330774916
1.0,0.0,-0.44556954503059387,1759203629340779037
1.0,0.0,-0.44558876752853394,1759203629350819564
1.0,0.0,-0.44558876752853394,1759203629360822067
1.0,0.0,-0.44558876752853394,1759203629370758978
1.0,0.0,-0.44558876752853394,1759203629380793566
1.0,0.0,-0.4456194341182709,1759203629391003407
1.0,0.0,-0.4456194341182709,1759203629400812498
1.0,0.0,-0.4456194341182709,1759203629410756212
1.0,0.0,-0.4456194341182709,1759203629420760056
1.0,0.0,-0.4456194341182709,1759203629430798916
1.0,0.0,-0.4456194341182709,1759203629440829969
1.0,0.0,-0.44565051794052124,1759203629450795590
1.0,0.0,-0.44565051794052124,1759203629460815701
1.0,0.0,-0.44565051794052124,1759203629470781976
1.0,0.0,-0.44565051794052124,1759203629480816242
1.0,0.0,-0.44568145275115967,1759203629490763105
1.0,0.0,-0.44568145275115967,1759203629500767113
1.0,0.0,-0.44568145275115967,1759203629510818054
1.0,0.0,-0.44568145275115967,1759203629520781063
1.0,0.0,-0.44568145275115967,1759203629530776827
1.0,0.0,-0.44568145275115967,1759203629540809801
1.0,0.0,-0.4457848370075226,1759203629550784650
1.0,0.0,-0.4457848370075226,1759203629560833801
1.0,0.0,-0.4457848370075226,1759203629570751264
1.0,0.0,-0.4457848370075226,1759203629580806793
1.0,0.0,-0.44581520557403564,1759203629590776692
1.0,0.0,-0.44581520557403564,1759203629600833706
1.0,0.0,-0.44581520557403564,1759203629610829421
1.0,0.0,-0.44581520557403564,1759203629620780340
1.0,0.0,-0.44581520557403564,1759203629630801401
1.0,0.0,-0.44581520557403564,1759203629640784093
1.0,0.0,-0.4458453953266144,1759203629650787567
1.0,0.0,-0.4458453953266144,1759203629660818092
1.0,0.0,-0.4458453953266144,1759203629670781193
1.0,0.0,-0.4458453953266144,1759203629680829082
1.0,0.0,-0.4458754062652588,1759203629690785572
1.0,0.0,-0.4458754062652588,1759203629700760254
1.0,0.0,-0.4458754062652588,1759203629710815956
1.0,0.0,-0.4458754062652588,1759203629720819879
1.0,0.0,-0.4458754062652588,1759203629730784822
1.0,0.0,-0.4458754062652588,1759203629740841152
1.0,0.0,-0.44590523838996887,1759203629750769465
1.0,0.0,-0.44590523838996887,1759203629760770893
1.0,0.0,-0.44590523838996887,1759203629770775225
1.0,0.0,-0.44590523838996887,1759203629780764852
1.0,0.0,-0.44593489170074463,1759203629790766897
1.0,0.0,-0.44593489170074463,1759203629800815602
1.0,0.0,-0.44593489170074463,1759203629810760780
1.0,0.0,-0.44593489170074463,1759203629820814503
1.0,0.0,-0.44593489170074463,1759203629830756834
1.0,0.0,-0.44593489170074463,1759203629840753071
1.0,0.0,-0.4459042251110077,1759203629850777985
1.0,0.0,-0.4459042251110077,1759203629860762360
1.0,0.0,-0.4459042251110077,1759203629870765856
1.0,0.0,-0.4459042251110077,1759203629880783092
1.0,0.0,-0.445873498916626,1759203629890788140
1.0,0.0,-0.445873498916626,1759203629900777604
1.0,0.0,-0.445873498916626,1759203629910765899
1.0,0.0,-0.445873498916626,1759203629920826858
1.0,0.0,-0.445873498916626,1759203629930910922
1.0,0.0,-0.445873498916626,1759203629940801752
1.0,0.0,-0.44584348797798157,1759203629950830844
