vx,vy,stamp
1.5525790452957153,0.0,1759204892867045069
1.5879542827606201,0.0,1759204892889263267
1.5879542827606201,0.0,1759204892914787443
1.5879542827606201,0.0,1759204892947138133
1.5879542827606201,0.0,1759204892990230204
1.5879542827606201,0.0,1759204893016042553
1.5997461080551147,0.0,1759204893048896727
1.5997461080551147,0.0,1759204893091781689
1.5997461080551147,0.0,1759204893117323780
1.623329520225525,0.0,1759204893149913821
1.63512122631073,0.0,1759204893193339869
1.63512122631073,0.0,1759204893218677765
1.6665658950805664,0.0,1759204893261176511
1.6665658950805664,0.0,1759204893294491668
1.6665658950805664,0.0,1759204893319957559
1.6901494264602661,0.0,1759204893363074808
1.6901494264602661,0.0,1759204893396134384
1.7019411325454712,0.0,1759204893440421376
1.7019411325454712,0.0,1759204893463865517
1.725524663925171,0.0,1759204893496132718
1.725524663925171,0.0,1759204893540947505
1.725524663925171,0.0,1759204893564674936
1.737316370010376,0.0,1759204893597793143
1.749108076095581,0.0,1759204893641753876
1.749108076095581,0.0,1759204893665208970
1.7726916074752808,0.0,1759204893696779318
1.7726916074752808,0.0,1759204893741652186
1.7726916074752808,0.0,1759204893765510540
1.796275019645691,0.0,1759204893797836112
1.796275019645691,0.0,1759204893841775903
1.796275019645691,0.0,1759204893865787569
1.8159279823303223,0.0,1759204893898253224
1.796275019645691,0.0,1759204893942542324
1.796275019645691,0.0,1759204893966548425
1.7844833135604858,0.0,1759204893999430656
1.7726916074752808,0.0,1759204894043629952
1.7726916074752808,0.0,1759204894067629243
1.737316370010376,0.0,1759204894100040729
1.7844833135604858,0.0,1759204894144541725
1.7844833135604858,0.0,1759204894167698063
1.737316370010376,0.0,1759204894200570306
1.7137328386306763,0.0,1759204894244670413
1.7137328386306763,0.0,1759204894267949590
1.749108076095581,0.0,1759204894311113891
1.7019411325454712,0.0,1759204894345515144
1.7019411325454712,0.0,1759204894369534400
1.7019411325454712,0.0,1759204894412528072
1.7019411325454712,0.0,1759204894446667049
1.7019411325454712,0.0,1759204894469687641
1.6783576011657715,0.0,1759204894512509358
1.7019411325454712,0.0,1759204894547485508
1.6665658950805664,0.0,1759204894590467740
1.6665658950805664,0.0,1759204894615422162
1.6783576011657715,0.0,1759204894647433459
1.6665658950805664,0.0,1759204894690872723
1.6665658950805664,0.0,1759204894716292158
1.6547741889953613,0.0,1759204894748916437
1.6783576011657715,0.0,1759204894791848293
1.6783576011657715,0.0,1759204894816744558
1.6429824829101562,0.0,1759204894849699138
1.6665658950805664,0.0,1759204894893381004
1.6665658950805664,0.0,1759204894918394444
1.6429824829101562,0.0,1759204894961578498
1.6665658950805664,0.0,1759204894994505330
1.6665658950805664,0.0,1759204895019928020
1.6783576011657715,0.0,1759204895062103668
1.6783576011657715,0.0,1759204895095418121
1.6783576011657715,0.0,1759204895139533808
1.6783576011657715,0.0,1759204895163435322
1.6901494264602661,0.0,1759204895195605820
1.6901494264602661,0.0,1759204895240026427
1.6901494264602661,0.0,1759204895263333471
1.6901494264602661,0.0,1759204895296569712
1.7019411325454712,0.0,1759204895341056164
1.7019411325454712,0.0,1759204895364771751
1.7019411325454712,0.0,1759204895397336965
1.725524663925171,0.0,1759204895442150550
1.725524663925171,0.0,1759204895466034229
1.7137328386306763,0.0,1759204895498691752
1.749108076095581,0.0,1759204895543143108
1.749108076095581,0.0,1759204895566549937
1.737316370010376,0.0,1759204895599470858
1.749108076095581,0.0,1759204895643567314
1.749108076095581,0.0,1759204895667533822
1.7726916074752808,0.0,1759204895700312619
1.7844833135604858,0.0,1759204895744304718
1.7844833135604858,0.0,1759204895767977253
1.7608997821807861,0.0,1759204895811252685
1.7844833135604858,0.0,1759204895845701939
1.796275019645691,0.0,1759204895888807436
1.796275019645691,0.0,1759204895914197389
1.8159279823303223,0.0,1759204895946842289
1.8395113945007324,0.0,1759204895990253330
1.8395113945007324,0.0,1759204896015528499
1.8630949258804321,0.0,1759204896048702325
1.8748866319656372,0.0,1759204896091810011
1.8748866319656372,0.0,1759204896117130315
1.8748866319656372,0.0,1759204896149572731
1.8748866319656372,0.0,1759204896193588968
1.8748866319656372,0.0,1759204896218676910
1.8866784572601318,0.0,1759204896261705378
1.898470163345337,0.0,1759204896294903051
1.898470163345337,0.0,1759204896319939650
1.910261869430542,0.0,1759204896362375793
1.922053575515747,0.0,1759204896396079162
1.9338454008102417,0.0,1759204896440244031
1.9338454008102417,0.0,1759204896463467442
1.9338454008102417,0.0,1759204896496111354
1.9574288129806519,0.0,1759204896540948088
1.9574288129806519,0.0,1759204896564248010
1.9456371068954468,0.0,1759204896596954184
1.9574288129806519,0.0,1759204896641484153
1.9574288129806519,0.0,1759204896665473011
1.9574288129806519,0.0,1759204896697831107
1.9456371068954468,0.0,1759204896742687523
1.9456371068954468,0.0,1759204896766225855
1.922053575515747,0.0,1759204896798794772
1.922053575515747,0.0,1759204896843283071
1.922053575515747,0.0,1759204896866969382
1.910261869430542,0.0,1759204896899572014
1.910261869430542,0.0,1759204896944248247
1.910261869430542,0.0,1759204896968186887
1.910261869430542,0.0,1759204897011701345
1.8866784572601318,0.0,1759204897045949692
1.8630949258804321,0.0,1759204897089108459
1.8630949258804321,0.0,1759204897114517958
1.8630949258804321,0.0,1759204897147414289
1.8395113945007324,0.0,1759204897191094204
1.8395113945007324,0.0,1759204897216432864
1.8159279823303223,0.0,1759204897249499729
1.7844833135604858,0.0,1759204897292669595
1.7844833135604858,0.0,1759204897318056979
1.737316370010376,0.0,1759204897360984983
1.7019411325454712,0.0,1759204897394644481
1.6665658950805664,0.0,1759204897438720670
1.6665658950805664,0.0,1759204897462525725
1.5289956331253052,0.0,1759204897495318654
1.3560501337051392,0.0,1759204897539782204
1.3560501337051392,0.0,1759204897563752727
1.2538549900054932,0.0,1759204897596110820
1.1595209836959839,0.0,1759204897640525537
1.1595209836959839,0.0,1759204897663912783
1.0337425470352173,0.0,1759204897696698612
0.9315474629402161,0.0,1759204897741189568
0.9315474629402161,0.0,1759204897765328989
0.8372135162353516,0.0,1759204897798013561
0.7468101978302002,0.0,1759204897842418525
0.7468101978302002,0.0,1759204897866378794
0.6642680168151855,0.0,1759204897899381061
0.6092398762702942,0.0,1759204897943720736
0.6092398762702942,0.0,1759204897967831685
0.5149059891700745,0.0,1759204898000013900
0.47166961431503296,0.0,1759204898044572655
0.47166961431503296,0.0,1759204898068188196
0.47166961431503296,0.0,1759204898111761938
0.47166961431503296,0.0,1759204898145789420
0.47166961431503296,0.0,1759204898169520107
0.0,0.0,1759204898211967849
0.0,0.0,1759204898246588297
0.0,0.0,1759204898290355467
0.0,0.0,1759204898315107913
0.0,0.0,1759204898348082488
0.0,0.0,1759204898391439233
0.0,0.0,1759204898417181690
0.0,0.0,1759204898449972728
0.0,0.0,1759204898493551494
0.0,0.0,1759204898518858883
0.0,0.0,1759204898561991395
0.0,0.0,1759204898595609590
0.0,0.0,1759204898639847478
0.0,0.0,1759204898663632426
0.0,0.0,1759204898696339606
0.0,0.0,1759204898740642312
0.0,0.0,1759204898765579935
0.0,0.0,1759204898797667247
0.0,0.0,1759204898842861182
0.0,0.0,1759204898866048747
0.0,0.0,1759204898899198424
0.0,0.0,1759204898943765281
0.0,0.0,1759204898967896347
0.0,0.0,1759204899011204128
0.0,0.0,1759204899045432788
0.0,0.0,1759204899069173327
0.0,0.0,1759204899112178202
0.0,0.0,1759204899147519867
0.0,0.0,1759204899190043499
0.0,0.0,1759204899216084581
0.0,0.0,1759204899248758466
0.0,0.0,1759204899291706920
0.0,0.0,1759204899317264570
0.0,0.0,1759204899350202106
0.0,0.0,1759204899393507471
0.0,0.0,1759204899418857484
0.0,0.0,1759204899462269328
0.0,0.0,1759204899495693954
0.0,0.0,1759204899539721487
0.0,0.0,1759204899563733424
0.0,0.0,1759204899596038779
0.0,0.0,1759204899640765913
0.0,0.0,1759204899664766340
0.0,0.0,1759204899697372763
0.0,0.0,1759204899741839198
0.0,0.0,1759204899765884603
0.0,0.0,1759204899798336559
0.0,0.0,1759204899843030766
0.0,0.0,1759204899866781265
0.0,0.0,1759204899899613197
0.0,0.0,1759204899943858293
0.0,0.0,1759204899967831276
0.0,0.0,1759204900010824737
0.0,0.0,1759204900045119058
0.0,0.0,1759204900088774817
0.0,0.0,1759204900113711409
0.0,0.0,1759204900146646672
0.0,0.0,1759204900189827648
0.0,0.0,1759204900215376231
0.0,0.0,1759204900248893694
0.0,0.0,1759204900291723129
0.0,0.0,1759204900317066729
0.0,0.0,1759204900349885445
0.0,0.0,1759204900393478266
0.0,0.0,1759204900419011531
0.0,0.0,1759204900461572289
0.0,0.0,1759204900494630855
0.0,0.0,1759204900538988643
0.0,0.0,1759204900562681524
0.0,0.0,1759204900595747504
0.0,0.0,1759204900639864309
0.0,0.0,1759204900663811144
0.0,0.0,1759204900695671609
0.0,0.0,1759204900740974716
0.0,0.0,1759204900765187980
0.0,0.0,1759204900797512602
0.0,0.0,1759204900842068439
0.0,0.0,1759204900865994795
0.0,0.0,1759204900898634184
0.0,0.0,1759204900943171114
0.0,0.0,1759204900966883094
0.0,0.0,1759204900999707269
0.0,0.0,1759204901044125057
0.0,0.0,1759204901068191000
0.0,0.0,1759204901111462467
0.0,0.0,1759204901145317041
0.0,0.0,1759204901188453127
0.0,0.0,1759204901214226552
0.0,0.0,1759204901246578257
0.0,0.0,1759204901289787882
0.0,0.0,1759204901315478512
0.0,0.0,1759204901348570693
0.0,0.0,1759204901391778995
0.0,0.0,1759204901416923819
0.0,0.0,1759204901449041935
0.0,0.0,1759204901492785140
0.0,0.0,1759204901517894544
0.0,0.0,1759204901561067395
0.0,0.0,1759204901593823241
0.0,0.0,1759204901638760423
0.0,0.0,1759204901663110101
0.0,0.0,1759204901695282791
0.0,0.0,1759204901739673685
0.0,0.0,1759204901763637476
0.0,0.0,1759204901795988336
0.0,0.0,1759204901840713511
0.0,0.0,1759204901864702505
0.0,0.0,1759204901897116383
0.0,0.0,1759204901941876935
0.0,0.0,1759204901965499905
0.0,0.0,1759204901998089368
0.0,0.0,1759204902043068935
0.0,0.0,1759204902066931569
0.0,0.0,1759204902100051312
0.0,0.0,1759204902144512508
0.0,0.0,1759204902168943879
0.0,0.0,1759204902211469122
0.0,0.0,1759204902246071586
0.0,0.0,1759204902289597896
0.0,0.0,1759204902314586332
0.0,0.0,1759204902347182108
0.0,0.0,1759204902390680996
0.0,0.0,1759204902415943454
0.0,0.0,1759204902448703048
0.0,0.0,1759204902492142240
0.0,0.0,1759204902517210251
0.0,0.0,1759204902560317829
0.0,0.0,1759204902592950769
0.0,0.0,1759204902637789628
0.0,0.0,1759204902661588355
0.0,0.0,1759204902693930627
0.0,0.0,1759204902739133850
0.0,0.0,1759204902763189556
0.0,0.0,1759204902795718174
0.0,0.0,1759204902839456373
0.0,0.0,1759204902863740447
0.0,0.0,1759204902896365694
0.0,0.0,1759204902940689282
0.0,0.0,1759204902964739230
0.0,0.0,1759204902997459643
0.0,0.0,1759204903041823336
0.0,0.0,1759204903066314717
0.0,0.0,1759204903097891382
0.0,0.0,1759204903143034420
0.0,0.0,1759204903166753610
0.0,0.0,1759204903199718247
0.0,0.0,1759204903243725651
0.0,0.0,1759204903267826245
0.0,0.0,1759204903310858567
0.0,0.0,1759204903345529576
0.0,0.0,1759204903388685677
0.0,0.0,1759204903414163999
0.0,0.0,1759204903446737755
0.0,0.0,1759204903490507711
0.0,0.0,1759204903516316161
0.0,0.0,1759204903549134860
0.0,0.0,1759204903592190340
0.0,0.0,1759204903616982028
0.0,0.0,1759204903660383310
0.0,0.0,1759204903693796663
0.0,0.0,1759204903738099979
0.0,0.0,1759204903762199367
0.0,0.0,1759204903794528372
0.0,0.0,1759204903839693384
0.0,0.0,1759204903863816468
0.0,0.0,1759204903896554902
0.0,0.0,1759204903940508820
0.0,0.0,1759204903964186640
0.0,0.0,1759204903996204986
0.0,0.0,1759204904040849825
0.0,0.0,1759204904064514145
0.0,0.0,1759204904097842787
0.0,0.0,1759204904142407555
0.0,0.0,1759204904166464777
0.0,0.0,1759204904198815946
0.0,0.0,1759204904243529597
0.0,0.0,1759204904267705491
0.0,0.0,1759204904310708663
0.0,0.0,1759204904344613842
0.0,0.0,1759204904388199562
0.0,0.0,1759204904413835436
0.0,0.0,1759204904446961130
0.0,0.0,1759204904490468193
0.0,0.0,1759204904515286434
0.0,0.0,1759204904547935802
0.0,0.0,1759204904591299959
0.0,0.0,1759204904616600392
0.0,0.0,1759204904649265641
0.0,0.0,1759204904692483855
0.0,0.0,1759204904718464962
0.0,0.0,1759204904761325486
0.0,0.0,1759204904795192131
0.0,0.0,1759204904838698847
0.0,0.0,1759204904862645876
0.0,0.0,1759204904894886716
0.0,0.0,1759204904939500282
0.0,0.0,1759204904963650028
0.0,0.0,1759204904996527373
0.0,0.0,1759204905041046541
0.0,0.0,1759204905064007744
0.0,0.0,1759204905097722234
0.0,0.0,1759204905141871248
0.0,0.0,1759204905165764363
0.0,0.0,1759204905198570551
0.0,0.0,1759204905242779878
0.0,0.0,1759204905266564827
0.0,0.0,1759204905299083360
0.0,0.0,1759204905343036854
0.0,0.0,1759204905367700515
0.0,0.0,1759204905411091804
0.0,0.0,1759204905445661104
0.0,0.0,1759204905489155619
0.0,0.0,1759204905514253289
0.0,0.0,1759204905547290703
0.0,0.0,1759204905590310231
0.0,0.0,1759204905614886390
0.0,0.0,1759204905647820089
0.0,0.0,1759204905691136681
0.0,0.0,1759204905716686303
0.0,0.0,1759204905749514803
0.0,0.0,1759204905792302520
0.0,0.0,1759204905817595524
0.0,0.0,1759204905860642563
0.0,0.0,1759204905893735109
0.0,0.0,1759204905938565212
0.0,0.0,1759204905962480186
0.0,0.0,1759204905995095027
0.0,0.0,1759204906039323388
0.0,0.0,1759204906063602190
0.0,0.0,1759204906096264438
0.0,0.0,1759204906140630835
0.0,0.0,1759204906164193652
0.0,0.0,1759204906196880056
0.0,0.0,1759204906241318079
0.0,0.0,1759204906265643197
0.0,0.0,1759204906298528199
0.0,0.0,1759204906342940276
0.0,0.0,1759204906366689814
0.0,0.0,1759204906399236985
0.0,0.0,1759204906443733388
0.0,0.0,1759204906467446755
0.0,0.0,1759204906510802383
0.0,0.0,1759204906545263656
0.0,0.0,1759204906587863151
0.0,0.0,1759204906613245376
0.0,0.0,1759204906646229066
0.0,0.0,1759204906689391299
0.0,0.0,1759204906714790886
0.06681986153125763,0.0,1759204906747724153
0.09040334075689316,0.0,1759204906790969362
0.09040334075689316,0.0,1759204906816231834
0.09040334075689316,0.0,1759204906849167697
0.10219507664442062,0.0,1759204906892528723
0.10219507664442062,0.0,1759204906918165488
0.12577855587005615,0.0,1759204906961122956
0.1375703066587448,0.0,1759204906994805010
0.1375703066587448,0.0,1759204907038697724
0.1375703066587448,0.0,1759204907062151348
0.16115377843379974,0.0,1759204907095194945
0.16115377843379974,0.0,1759204907139959681
0.16115377843379974,0.0,1759204907163101172
0.16115377843379974,0.0,1759204907196352807
0.18080668151378632,0.0,1759204907240870060
0.18080668151378632,0.0,1759204907264776077
0.18080668151378632,0.0,1759204907297429351
0.20439015328884125,0.0,1759204907341589152
0.20439015328884125,0.0,1759204907365616422
0.20439015328884125,0.0,1759204907397927666
0.14936204254627228,0.0,1759204907442502653
0.14936204254627228,0.0,1759204907466122909
0.16115377843379974,0.0,1759204907498793722
0.18080668151378632,0.0,1759204907543496095
0.18080668151378632,0.0,1759204907566822222
0.18080668151378632,0.0,1759204907609874015
0.20439015328884125,0.0,1759204907644314076
0.20439015328884125,0.0,1759204907668080882
0.2161819040775299,0.0,1759204907711518266
0.22797363996505737,0.0,1759204907746551679
0.2515571117401123,0.0,1759204907789569145
0.2515571117401123,0.0,1759204907814101354
0.26334884762763977,0.0,1759204907846783006
0.2751406133174896,0.0,1759204907889550900
0.2751406133174896,0.0,1759204907915421663
0.2869323492050171,0.0,1759204907948594781
0.29872408509254456,0.0,1759204907991302660
0.29872408509254456,0.0,1759204908016748450
0.310515820980072,0.0,1759204908049345274
0.3223075568675995,0.0,1759204908092776977
0.3223075568675995,0.0,1759204908118439478
0.3301687240600586,0.0,1759204908161134923
0.34196045994758606,0.0,1759204908194090232
0.3537521958351135,0.0,1759204908238525135
0.3537521958351135,0.0,1759204908262129171
0.365543931722641,0.0,1759204908295343972
0.37733566761016846,0.0,1759204908340166192
0.37733566761016846,0.0,1759204908363744932
0.3891274333000183,0.0,1759204908396189142
0.4009191691875458,0.0,1759204908440912677
0.4009191691875458,0.0,1759204908464531812
0.4245026409626007,0.0,1759204908497691101
0.4362943768501282,0.0,1759204908542549510
0.4362943768501282,0.0,1759204908566004164
0.44808611273765564,0.0,1759204908598263440
0.4598778486251831,0.0,1759204908642588501
0.4598778486251831,0.0,1759204908665685160
0.47166961431503296,0.0,1759204908709905846
0.4834613502025604,0.0,1759204908744829516
0.4834613502025604,0.0,1759204908768345297
0.49132248759269714,0.0,1759204908810904259
0.5031142234802246,0.0,1759204908846073677
0.5149059891700745,0.0,1759204908889243708
0.5149059891700745,0.0,1759204908914753582
0.5266976952552795,0.0,1759204908947604093
0.5384894609451294,0.0,1759204908990848365
0.5384894609451294,0.0,1759204909016134813
0.5502812266349792,0.0,1759204909048861427
0.5620729327201843,0.0,1759204909092213868
0.5620729327201843,0.0,1759204909117249138
0.5738646984100342,0.0,1759204909160533228
0.5856564044952393,0.0,1759204909194179752
0.5974481701850891,0.0,1759204909238838018
0.5974481701850891,0.0,1759204909262647634
0.6092398762702942,0.0,1759204909294604712
0.6092398762702942,0.0,1759204909339186667
0.6092398762702942,0.0,1759204909363181422
0.6092398762702942,0.0,1759204909396125814
0.621031641960144,0.0,1759204909440542825
0.621031641960144,0.0,1759204909464881186
0.621031641960144,0.0,1759204909497050978
0.6328234076499939,0.0,1759204909541257996
0.6328234076499939,0.0,1759204909565685068
0.6328234076499939,0.0,1759204909597978260
0.6328234076499939,0.0,1759204909642710767
0.6328234076499939,0.0,1759204909666765761
0.6328234076499939,0.0,1759204909710171894
0.6328234076499939,0.0,1759204909744817720
0.621031641960144,0.0,1759204909788083641
0.621031641960144,0.0,1759204909813250620
0.6092398762702942,0.0,1759204909845514049
0.6092398762702942,0.0,1759204909889247646
0.6092398762702942,0.0,1759204909914597646
0.5974481701850891,0.0,1759204909947463010
0.5974481701850891,0.0,1759204909990641553
0.5974481701850891,0.0,1759204910015871687
0.5856564044952393,0.0,1759204910048708312
0.5856564044952393,0.0,1759204910092245904
0.5856564044952393,0.0,1759204910118176880
0.5856564044952393,0.0,1759204910160777966
0.5738646984100342,0.0,1759204910193674630
0.5738646984100342,0.0,1759204910238626492
0.5738646984100342,0.0,1759204910262653736
0.5738646984100342,0.0,1759204910295184207
0.5856564044952393,0.0,1759204910339807828
0.5856564044952393,0.0,1759204910363585965
0.5856564044952393,0.0,1759204910395734619
0.5974481701850891,0.0,1759204910440064974
0.5974481701850891,0.0,1759204910463892704
0.6092398762702942,0.0,1759204910497078961
0.621031641960144,0.0,1759204910541109669
0.621031641960144,0.0,1759204910564811190
0.6328234076499939,0.0,1759204910597177915
0.6328234076499939,0.0,1759204910642232474
0.6328234076499939,0.0,1759204910665770500
0.644615113735199,0.0,1759204910698681695
0.6524762511253357,0.0,1759204910742805862
0.6524762511253357,0.0,1759204910766429154
0.6524762511253357,0.0,1759204910809817882
0.6642680168151855,0.0,1759204910844497773
0.6760597825050354,0.0,1759204910887820829
0.6760597825050354,0.0,1759204910912556104
0.6878514885902405,0.0,1759204910945276778
0.6878514885902405,0.0,1759204910988956876
0.6878514885902405,0.0,1759204911014347730
0.6996432542800903,0.0,1759204911047414373
0.6996432542800903,0.0,1759204911090799811
0.6996432542800903,0.0,1759204911116145741
0.6996432542800903,0.0,1759204911148750326
0.6996432542800903,0.0,1759204911192252150
0.6996432542800903,0.0,1759204911217634751
0.7114349603652954,0.0,1759204911260957531
0.7114349603652954,0.0,1759204911293584444
0.7114349603652954,0.0,1759204911338127112
0.7114349603652954,0.0,1759204911361643822
0.7114349603652954,0.0,1759204911394978035
0.7232267260551453,0.0,1759204911439939679
0.7232267260551453,0.0,1759204911463072300
0.7350184321403503,0.0,1759204911495929406
0.75860196352005,0.0,1759204911540930608
0.75860196352005,0.0,1759204911564584431
0.7703936696052551,0.0,1759204911597411858
0.7939771413803101,0.0,1759204911641740818
0.7939771413803101,0.0,1759204911665602680
0.8057689070701599,0.0,1759204911698133880
0.8254218101501465,0.0,1759204911742637315
0.8254218101501465,0.0,1759204911765932153
0.8372135162353516,0.0,1759204911798827498
0.8490052819252014,0.0,1759204911843309367
0.8490052819252014,0.0,1759204911867341469
0.8607969284057617,0.0,1759204911910648779
0.8725887537002563,0.0,1759204911945189682
0.8725887537002563,0.0,1759204911988572282
0.8725887537002563,0.0,1759204912013953945
0.8843805193901062,0.0,1759204912046669160
0.8843805193901062,0.0,1759204912089587542
0.8843805193901062,0.0,1759204912115110651
0.8961722254753113,0.0,1759204912147936412
0.9079639911651611,0.0,1759204912191004116
0.9079639911651611,0.0,1759204912216751953
0.9197556972503662,0.0,1759204912259957782
0.9197556972503662,0.0,1759204912293516979
0.9433392286300659,0.0,1759204912337578127
0.9433392286300659,0.0,1759204912360683333
0.955130934715271,0.0,1759204912393507155
0.9669227004051208,0.0,1759204912438095436
0.9669227004051208,0.0,1759204912462420539
0.9865754842758179,0.0,1759204912495380787
1.0101590156555176,0.0,1759204912539718858
1.0101590156555176,0.0,1759204912563298138
1.0101590156555176,0.0,1759204912595772705
1.0219509601593018,0.0,1759204912640813792
1.0219509601593018,0.0,1759204912664714120
1.0219509601593018,0.0,1759204912697524565
1.0455342531204224,0.0,1759204912741629926
1.0455342531204224,0.0,1759204912765291976
1.057326078414917,0.0,1759204912797372979
1.057326078414917,0.0,1759204912842066874
1.057326078414917,0.0,1759204912865662360
1.069117784500122,0.0,1759204912898136581
1.0809094905853271,0.0,1759204912942431834
1.0809094905853271,0.0,1759204912965845742
1.069117784500122,0.0,1759204913009512214
1.069117784500122,0.0,1759204913044211666
1.069117784500122,0.0,1759204913067781958
1.0809094905853271,0.0,1759204913110849854
1.0809094905853271,0.0,1759204913144702638
1.0809094905853271,0.0,1759204913167721910
1.069117784500122,0.0,1759204913211047826
1.069117784500122,0.0,1759204913245799142
1.057326078414917,0.0,1759204913288784891
1.057326078414917,0.0,1759204913314275201
1.0455342531204224,0.0,1759204913346837202
1.0455342531204224,0.0,1759204913390554886
1.0455342531204224,0.0,1759204913415971648
1.0455342531204224,0.0,1759204913448778814
1.0337425470352173,0.0,1759204913491513684
1.0337425470352173,0.0,1759204913516890306
1.0337425470352173,0.0,1759204913559736733
1.0455342531204224,0.0,1759204913593150508
1.0455342531204224,0.0,1759204913637590200
1.0455342531204224,0.0,1759204913662030788
1.0455342531204224,0.0,1759204913693929383
1.057326078414917,0.0,1759204913739073199
1.057326078414917,0.0,1759204913762501468
1.057326078414917,0.0,1759204913795173146
1.057326078414917,0.0,1759204913839745875
1.057326078414917,0.0,1759204913863576401
1.057326078414917,0.0,1759204913896287987
1.0809094905853271,0.0,1759204913940707638
1.0809094905853271,0.0,1759204913964551689
1.0809094905853271,0.0,1759204913997271596
1.069117784500122,0.0,1759204914042160927
1.069117784500122,0.0,1759204914065827337
1.0809094905853271,0.0,1759204914098776523
1.0927011966705322,0.0,1759204914143064598
1.0927011966705322,0.0,1759204914166630010
1.0927011966705322,0.0,1759204914209806776
1.1044930219650269,0.0,1759204914244515080
1.116284728050232,0.0,1759204914287838554
1.116284728050232,0.0,1759204914313269577
1.116284728050232,0.0,1759204914346417047
1.116284728050232,0.0,1759204914389785890
1.116284728050232,0.0,1759204914414713998
1.116284728050232,0.0,1759204914447636795
1.1398682594299316,0.0,1759204914490753748
1.1398682594299316,0.0,1759204914516057116
1.128076434135437,0.0,1759204914559229495
1.128076434135437,0.0,1759204914593411073
1.128076434135437,0.0,1759204914618133686
1.1398682594299316,0.0,1759204914660577183
1.128076434135437,0.0,1759204914694508994
1.1398682594299316,0.0,1759204914738867621
1.1398682594299316,0.0,1759204914762448924
1.1398682594299316,0.0,1759204914794928853
1.147729516029358,0.0,1759204914839333057
1.147729516029358,0.0,1759204914863898584
1.1398682594299316,0.0,1759204914896288000
1.147729516029358,0.0,1759204914940528479
1.147729516029358,0.0,1759204914964327223
1.1398682594299316,0.0,1759204914996840208
1.1398682594299316,0.0,1759204915041274871
1.1398682594299316,0.0,1759204915065163633
1.1398682594299316,0.0,1759204915097902458
1.128076434135437,0.0,1759204915142715033
1.128076434135437,0.0,1759204915166697774
1.128076434135437,0.0,1759204915209703653
1.116284728050232,0.0,1759204915244544876
1.116284728050232,0.0,1759204915287324247
1.116284728050232,0.0,1759204915312629326
1.128076434135437,0.0,1759204915345061883
1.116284728050232,0.0,1759204915388096922
1.116284728050232,0.0,1759204915413627204
1.1044930219650269,0.0,1759204915446765548
1.1044930219650269,0.0,1759204915490206190
1.1044930219650269,0.0,1759204915515047998
1.0809094905853271,0.0,1759204915547994320
1.057326078414917,0.0,1759204915591317615
1.057326078414917,0.0,1759204915616680103
1.057326078414917,0.0,1759204915659406206
1.0455342531204224,0.0,1759204915692496666
1.0455342531204224,0.0,1759204915717355293
1.0101590156555176,0.0,1759204915760437847
0.9983673095703125,0.0,1759204915794441873
0.9865754842758179,0.0,1759204915838549072
0.9865754842758179,0.0,1759204915862539868
0.9669227004051208,0.0,1759204915894934622
0.9433392286300659,0.0,1759204915939745544
0.9433392286300659,0.0,1759204915963567721
0.9197556972503662,0.0,1759204915996770331
0.9079639911651611,0.0,1759204916041071452
0.9079639911651611,0.0,1759204916064676566
0.8843805193901062,0.0,1759204916097429632
0.8372135162353516,0.0,1759204916142280601
0.8372135162353516,0.0,1759204916165934529
0.817560613155365,0.0,1759204916198906429
0.782185435295105,0.0,1759204916243610703
0.782185435295105,0.0,1759204916266755985
0.75860196352005,0.0,1759204916310261420
0.7232267260551453,0.0,1759204916345196722
0.6878514885902405,0.0,1759204916388254545
0.6878514885902405,0.0,1759204916413391668
0.6524762511253357,0.0,1759204916446182549
0.6328234076499939,0.0,1759204916489715195
0.6328234076499939,0.0,1759204916514915946
0.6092398762702942,0.0,1759204916547578182
0.5738646984100342,0.0,1759204916591237129
0.5738646984100342,0.0,1759204916615897497
0.5620729327201843,0.0,1759204916659552640
0.5502812266349792,0.0,1759204916691916904
0.5266976952552795,0.0,1759204916737015747
0.5266976952552795,0.0,1759204916760567956
0.5266976952552795,0.0,1759204916793331302
0.5149059891700745,0.0,1759204916838009654
0.5149059891700745,0.0,1759204916861153152
0.5149059891700745,0.0,1759204916894526915
0.5149059891700745,0.0,1759204916938645252
0.5149059891700745,0.0,1759204916962121995
0.5149059891700745,0.0,1759204916994780991
0.5149059891700745,0.0,1759204917039322301
0.5149059891700745,0.0,1759204917063311837
0.5149059891700745,0.0,1759204917095992804
0.5149059891700745,0.0,1759204917140232441
0.5149059891700745,0.0,1759204917164568263
0.5266976952552795,0.0,1759204917197163974
0.5266976952552795,0.0,1759204917241943280
0.5266976952552795,0.0,1759204917264927980
0.5384894609451294,0.0,1759204917297924875
0.5384894609451294,0.0,1759204917342493528
0.5384894609451294,0.0,1759204917366066626
0.5384894609451294,0.0,1759204917409559054
0.5502812266349792,0.0,1759204917444250544
0.5502812266349792,0.0,1759204917487557953
0.5502812266349792,0.0,1759204917512836912
0.5620729327201843,0.0,1759204917545185941
0.5738646984100342,0.0,1759204917588403585
0.5738646984100342,0.0,1759204917614035610
0.5738646984100342,0.0,1759204917646798304
0.5738646984100342,0.0,1759204917690596352
0.5738646984100342,0.0,1759204917715618864
0.5738646984100342,0.0,1759204917748038178
0.5738646984100342,0.0,1759204917791166365
0.5738646984100342,0.0,1759204917816140115
0.5738646984100342,0.0,1759204917859749169
0.5620729327201843,0.0,1759204917892586862
0.5620729327201843,0.0,1759204917937460418
0.5620729327201843,0.0,1759204917960977714
0.5620729327201843,0.0,1759204917993684584
0.5502812266349792,0.0,1759204918038281695
0.5502812266349792,0.0,1759204918061727511
0.5384894609451294,0.0,1759204918094515496
0.5266976952552795,0.0,1759204918138966452
0.5266976952552795,0.0,1759204918162755300
0.5149059891700745,0.0,1759204918195590578
0.5031142234802246,0.0,1759204918240018377
0.5031142234802246,0.0,1759204918263615407
0.49132248759269714,0.0,1759204918296044683
0.4834613502025604,0.0,1759204918341057137
0.4834613502025604,0.0,1759204918364979679
0.47166961431503296,0.0,1759204918397391172
0.4598778486251831,0.0,1759204918442422117
0.4598778486251831,0.0,1759204918465638176
0.44808611273765564,0.0,1759204918498180805
0.44808611273765564,0.0,1759204918542705302
0.44808611273765564,0.0,1759204918566577117
0.4245026409626007,0.0,1759204918609959200
0.41271090507507324,0.0,1759204918644252132
0.4009191691875458,0.0,1759204918687424855
0.4009191691875458,0.0,1759204918712715915
0.3891274333000183,0.0,1759204918746057471
0.365543931722641,0.0,1759204918789282770
0.365543931722641,0.0,1759204918814402767
0.3537521958351135,0.0,1759204918846982308
0.34196045994758606,0.0,1759204918890377898
0.34196045994758606,0.0,1759204918915432977
0.3301687240600586,0.0,1759204918948055080
0.3223075568675995,0.0,1759204918991556845
0.3223075568675995,0.0,1759204919016788688
0.310515820980072,0.0,1759204919060144425
0.29872408509254456,0.0,1759204919093558632
0.2751406133174896,0.0,1759204919138126402
0.2751406133174896,0.0,1759204919161534605
0.26334884762763977,0.0,1759204919194290715
0.2515571117401123,0.0,1759204919238910478
0.2515571117401123,0.0,1759204919262096964
0.2515571117401123,0.0,1759204919295302355
0.22797363996505737,0.0,1759204919339698827
0.22797363996505737,0.0,1759204919363356569
0.2161819040775299,0.0,1759204919395739986
0.2161819040775299,0.0,1759204919440429162
0.2161819040775299,0.0,1759204919464307487
0.2161819040775299,0.0,1759204919496985300
0.18080668151378632,0.0,1759204919541356889
0.18080668151378632,0.0,1759204919565315427
0.18080668151378632,0.0,1759204919598290944
0.18080668151378632,0.0,1759204919642957858
0.18080668151378632,0.0,1759204919666087141
0.14936204254627228,0.0,1759204919709383325
0.14936204254627228,0.0,1759204919744092530
0.14936204254627228,0.0,1759204919787716848
0.14936204254627228,0.0,1759204919812781469
0.0,0.0,1759204919845248784
0.0,0.0,1759204919888648869
0.0,0.0,1759204919914005556
0.0,0.0,1759204919946372382
0.0,0.0,1759204919990290561
0.0,0.0,1759204920015416319
0.0,0.0,1759204920058326258
0.0,0.0,1759204920091748088
0.0,0.0,1759204920136226164
0.0,0.0,1759204920160043774
0.0,0.0,1759204920193100027
0.0,0.0,1759204920237659837
0.0,0.0,1759204920261679370
0.0,0.0,1759204920294282003
0.0,0.0,1759204920338567080
0.0,0.0,1759204920362720808
0.0,0.0,1759204920395588238
0.0,0.0,1759204920439934260
0.0,0.0,1759204920463726916
0.0,0.0,1759204920496678479
0.0,0.0,1759204920540959478
0.0,0.0,1759204920565136125
0.0,0.0,1759204920597861485
0.0,0.0,1759204920641764699
0.0,0.0,1759204920665964309
0.0,0.0,1759204920709247522
0.0,0.0,1759204920743685671
0.0,0.0,1759204920786669046
0.0,0.0,1759204920811948223
0.0,0.0,1759204920845070766
0.0,0.0,1759204920887995871
0.0,0.0,1759204920913563286
0.0,0.0,1759204920946384628
0.0,0.0,1759204920989355956
0.0,0.0,1759204921014862367
0.0,0.0,1759204921046761302
0.0,0.0,1759204921090025917
0.0,0.0,1759204921116144373
0.0,0.0,1759204921159326162
0.0,0.0,1759204921192465286
0.0,0.0,1759204921236988449
0.0,0.0,1759204921261118332
0.0,0.0,1759204921293591784
0.0,0.0,1759204921337606098
0.0,0.0,1759204921361691928
0.0,0.0,1759204921394239079
0.0,0.0,1759204921439474460
0.0,0.0,1759204921463249298
0.0,0.0,1759204921496415347
0.0,0.0,1759204921540420293
0.0,0.0,1759204921564089644
0.0,0.0,1759204921596865403
0.0,0.0,1759204921641605223
0.0,0.0,1759204921665339108
0.0,0.0,1759204921708786781
0.0,0.0,1759204921743264499
0.06681986153125763,0.0,1759204921787240208
0.06681986153125763,0.0,1759204921812582355
0.06681986153125763,0.0,1759204921845136338
0.09040334075689316,0.0,1759204921888646560
0.09040334075689316,0.0,1759204921914153155
0.12577855587005615,0.0,1759204921947012380
0.1375703066587448,0.0,1759204921990173827
0.1375703066587448,0.0,1759204922015156868
0.14936204254627228,0.0,1759204922048137274
0.18080668151378632,0.0,1759204922091171091
0.18080668151378632,0.0,1759204922116594187
0.18080668151378632,0.0,1759204922159393570
0.22797363996505737,0.0,1759204922192707812
0.22797363996505737,0.0,1759204922237192408
0.22797363996505737,0.0,1759204922261294467
0.2869323492050171,0.0,1759204922293626629
0.26334884762763977,0.0,1759204922338033542
0.26334884762763977,0.0,1759204922361827703
0.16901494562625885,0.0,1759204922394875660
0.2161819040775299,0.0,1759204922438703303
0.2161819040775299,0.0,1759204922462707490
0.23976537585258484,0.0,1759204922495446918
0.26334884762763977,0.0,1759204922539743369
0.26334884762763977,0.0,1759204922563801051
0.2869323492050171,0.0,1759204922596341963
0.3223075568675995,0.0,1759204922640786048
0.3223075568675995,0.0,1759204922664928895
0.3301687240600586,0.0,1759204922697171935
0.34196045994758606,0.0,1759204922742042385
0.34196045994758606,0.0,1759204922765287314
0.3537521958351135,0.0,1759204922808677571
0.365543931722641,0.0,1759204922843436150
0.365543931722641,0.0,1759204922867130407
0.365543931722641,0.0,1759204922910018669
0.365543931722641,0.0,1759204922944556226
0.37733566761016846,0.0,1759204922987804306
0.37733566761016846,0.0,1759204923012572947
0.37733566761016846,0.0,1759204923045156293
0.37733566761016846,0.0,1759204923088923479
0.37733566761016846,0.0,1759204923114063852
0.37733566761016846,0.0,1759204923146882357
0.37733566761016846,0.0,1759204923190476978
0.37733566761016846,0.0,1759204923215330781
0.37733566761016846,0.0,1759204923258561732
0.365543931722641,0.0,1759204923291714377
0.365543931722641,0.0,1759204923336588485
0.365543931722641,0.0,1759204923360459183
0.3537521958351135,0.0,1759204923392638049
0.3537521958351135,0.0,1759204923437274795
0.3537521958351135,0.0,1759204923460773599
0.34196045994758606,0.0,1759204923493818901
0.34196045994758606,0.0,1759204923537923811
0.34196045994758606,0.0,1759204923561623370
0.34196045994758606,0.0,1759204923593984511
0.3301687240600586,0.0,1759204923638550131
0.3301687240600586,0.0,1759204923662747664
0.3301687240600586,0.0,1759204923695113898
0.3301687240600586,0.0,1759204923739729662
0.3301687240600586,0.0,1759204923763558948
0.3301687240600586,0.0,1759204923796123606
0.3301687240600586,0.0,1759204923840449820
0.3301687240600586,0.0,1759204923864242585
0.3301687240600586,0.0,1759204923896971535
0.3301687240600586,0.0,1759204923940967969
0.3301687240600586,0.0,1759204923964595174
0.34196045994758606,0.0,1759204923997524240
0.34196045994758606,0.0,1759204924042257715
0.34196045994758606,0.0,1759204924066026732
0.3537521958351135,0.0,1759204924108982506
0.365543931722641,0.0,1759204924143749598
0.3891274333000183,0.0,1759204924186875248
0.3891274333000183,0.0,1759204924212362313
0.4009191691875458,0.0,1759204924244900882
0.4009191691875458,0.0,1759204924288299729
0.4009191691875458,0.0,1759204924313917865
0.41271090507507324,0.0,1759204924346575257
0.41271090507507324,0.0,1759204924389970760
0.41271090507507324,0.0,1759204924414839648
0.4245026409626007,0.0,1759204924447862847
0.4362943768501282,0.0,1759204924491106926
0.4362943768501282,0.0,1759204924516741062
0.44808611273765564,0.0,1759204924560081849
0.4598778486251831,0.0,1759204924593630919
0.4598778486251831,0.0,1759204924638000742
0.4598778486251831,0.0,1759204924661245562
0.47166961431503296,0.0,1759204924693602370
0.4834613502025604,0.0,1759204924738582726
0.4834613502025604,0.0,1759204924762288175
0.49132248759269714,0.0,1759204924795347907
0.49132248759269714,0.0,1759204924840128527
0.49132248759269714,0.0,1759204924863773376
0.5031142234802246,0.0,1759204924896167079
0.5031142234802246,0.0,1759204924940532191
0.5031142234802246,0.0,1759204924964145368
0.5031142234802246,0.0,1759204924996715707
0.5031142234802246,0.0,1759204925041718333
0.5031142234802246,0.0,1759204925065227818
0.5031142234802246,0.0,1759204925108837812
0.49132248759269714,0.0,1759204925143456332
0.49132248759269714,0.0,1759204925167066646
0.4834613502025604,0.0,1759204925209588228
0.47166961431503296,0.0,1759204925244166515
0.4598778486251831,0.0,1759204925287681675
0.4598778486251831,0.0,1759204925311815866
0.44808611273765564,0.0,1759204925345414681
0.4245026409626007,0.0,1759204925388504590
0.4245026409626007,0.0,1759204925414448037
0.41271090507507324,0.0,1759204925447036844
0.4009191691875458,0.0,1759204925490694774
0.4009191691875458,0.0,1759204925515492982
0.37733566761016846,0.0,1759204925558439962
0.365543931722641,0.0,1759204925591724247
0.365543931722641,0.0,1759204925616745156
0.3537521958351135,0.0,1759204925659882546
0.34196045994758606,0.0,1759204925693446858
0.3301687240600586,0.0,1759204925737795826
0.3301687240600586,0.0,1759204925761635754
0.3223075568675995,0.0,1759204925794240595
0.310515820980072,0.0,1759204925838044039
0.310515820980072,0.0,1759204925862430577
0.29872408509254456,0.0,1759204925895309264
0.2869323492050171,0.0,1759204925939622797
0.2869323492050171,0.0,1759204925962888765
0.2751406133174896,0.0,1759204925995754901
0.26334884762763977,0.0,1759204926040454570
0.26334884762763977,0.0,1759204926064078308
0.2515571117401123,0.0,1759204926097093246
0.23976537585258484,0.0,1759204926141841658
0.23976537585258484,0.0,1759204926165617069
0.22797363996505737,0.0,1759204926208884487
0.22797363996505737,0.0,1759204926243396715
0.22797363996505737,0.0,1759204926286748415
0.22797363996505737,0.0,1759204926311421565
0.0,0.0,1759204926343903819
0.0,0.0,1759204926387213041
0.0,0.0,1759204926412668565
0.0,0.0,1759204926445428153
0.0,0.0,1759204926488683949
0.0,0.0,1759204926514113027
0.0,0.0,1759204926546804156
0.0,0.0,1759204926590165508
0.0,0.0,1759204926615533647
0.0,0.0,1759204926658849416
0.0,0.0,1759204926691846201
0.0,0.0,1759204926735959308
0.0,0.0,1759204926759983138
0.0,0.0,1759204926793084889
0.0,0.0,1759204926837131398
0.0,0.0,1759204926860983151
0.0,0.0,1759204926893700782
0.0,0.0,1759204926938956038
0.0,0.0,1759204926962913955
0.0,0.0,1759204926995447965
0.0,0.0,1759204927039428207
0.0,0.0,1759204927063808816
0.0,0.0,1759204927096320150
0.0,0.0,1759204927140604542
0.0,0.0,1759204927164369326
0.0,0.0,1759204927197387788
0.0,0.0,1759204927241557220
0.0,0.0,1759204927265398818
0.0,0.0,1759204927308970920
0.0,0.0,1759204927343691754
0.0,0.0,1759204927386551210
0.0,0.0,1759204927412122040
0.0,0.0,1759204927444572517
0.0,0.0,1759204927488184135
0.0,0.0,1759204927513616609
0.0,0.0,1759204927546670303
0.0,0.0,1759204927589900244
0.0,0.0,1759204927615150771
0.0,0.0,1759204927658133225
0.0,0.0,1759204927690948901
0.0,0.0,1759204927735627680
0.0,0.0,1759204927758940338
0.0,0.0,1759204927791352340
0.0,0.0,1759204927836003474
0.0,0.0,1759204927859637234
0.0,0.0,1759204927892710886
0.0,0.0,1759204927937275941
0.0,0.0,1759204927960963586
0.0,0.0,1759204927993058652
0.0,0.0,1759204928037890018
0.0,0.0,1759204928061215121
0.0,0.0,1759204928094604429
0.0,0.0,1759204928138870693
0.0,0.0,1759204928162868141
0.0,0.0,1759204928194716092
0.0,0.0,1759204928239622081
0.0,0.0,1759204928263543066
0.0,0.0,1759204928296405113
0.0,0.0,1759204928341105450
0.0,0.0,1759204928364846390
0.0,0.0,1759204928407573730
0.0,0.0,1759204928442513173
0.0,0.0,1759204928466176753
0.0,0.0,1759204928509494178
0.0,0.0,1759204928543314981
0.0,0.0,1759204928586979159
0.0,0.0,1759204928612791938
0.0,0.0,1759204928645605954
0.0,0.0,1759204928688851616
0.0,0.0,1759204928713670376
0.0,0.0,1759204928746130851
0.0,0.0,1759204928789229948
0.0,0.0,1759204928814701843
0.0,0.0,1759204928857263415
0.0,0.0,1759204928890169892
0.0,0.0,1759204928915349443
0.0,0.0,1759204928958460523
0.0,0.0,1759204928990753856
0.0,0.0,1759204929034054146
0.0,0.0,1759204929058376964
0.0,0.0,1759204929089437093
0.0,0.0,1759204929115392193
0.0,0.0,1759204929157949350
0.0,0.0,1759204929190898397
0.0,0.0,1759204929234369847
0.0,0.0,1759204929258637009
0.0,0.0,1759204929290574027
0.0,0.0,1759204929315983057
0.0,0.0,1759204929358443149
0.0,0.0,1759204929391434661
0.0,0.0,1759204929435523380
0.0,0.0,1759204929459285522
0.0,0.0,1759204929491633883
0.0,0.0,1759204929535192450
0.0,0.0,1759204929558874954
0.0,0.0,1759204929591402586
0.0,0.0,1759204929635635832
0.0,0.0,1759204929659646689
0.0,0.0,1759204929691710220
0.0,0.0,1759204929735942964
0.0,0.0,1759204929759768851
0.0,0.0,1759204929791760132
0.0,0.0,1759204929835684404
0.0,0.0,1759204929860007347
0.0,0.0,1759204929891304513
0.0,0.0,1759204929935228498
0.0,0.0,1759204929959427899
0.0,0.0,1759204929991361807
0.0,0.0,1759204930035326189
0.0,0.0,1759204930059064603
0.0,0.0,1759204930091320235
0.0,0.0,1759204930135135480
0.0,0.0,1759204930158995874
0.0,0.0,1759204930190923727
0.0,0.0,1759204930234900979
0.0,0.0,1759204930258791394
0.0,0.0,1759204930290376111
0.0,0.0,1759204930315886565
0.0,0.0,1759204930358769137
0.0,0.0,1759204930391579587
0.0,0.0,1759204930435572611
0.0,0.0,1759204930459731411
0.0,0.0,1759204930491366115
0.0,0.0,1759204930535314514
0.0,0.0,1759204930559211257
0.0,0.0,1759204930592142105
0.0,0.0,1759204930635612091
0.0,0.0,1759204930659681532
0.0,0.0,1759204930691045655
0.0,0.0,1759204930736021974
0.0,0.0,1759204930759904816
0.0,0.0,1759204930791869076
0.0,0.0,1759204930836007327
0.0,0.0,1759204930859674737
0.0,0.0,1759204930891098468
0.0,0.0,1759204930934935716
0.0,0.0,1759204930958964465
0.0,0.0,1759204930991032571
0.0,0.0,1759204931035009055
0.0,0.0,1759204931058314217
0.0,0.0,1759204931090962469
0.0,0.0,1759204931134831988
0.0,0.0,1759204931159087277
0.0,0.0,1759204931191310771
0.0,0.0,1759204931235284114
0.0,0.0,1759204931259409706
0.0,0.0,1759204931290944877
0.0,0.0,1759204931335001154
0.0,0.0,1759204931359004498
0.0,0.0,1759204931390939930
0.0,0.0,1759204931435086603
0.0,0.0,1759204931459128344
0.0,0.0,1759204931491058515
0.0,0.0,1759204931535288567
0.0,0.0,1759204931559165965
0.0,0.0,1759204931591505290
0.0,0.0,1759204931635411136
0.0,0.0,1759204931659347830
0.0,0.0,1759204931690879667
0.0,0.0,1759204931734895742
0.0,0.0,1759204931758466305
0.0,0.0,1759204931791417375
0.0,0.0,1759204931835175806
0.0,0.0,1759204931859014699
0.0,0.0,1759204931891639507
0.0,0.0,1759204931934746399
0.0,0.0,1759204931959279037
0.0,0.0,1759204931991198559
0.0,0.0,1759204932034817196
0.0,0.0,1759204932058639259
0.0,0.0,1759204932090680528
0.0,0.0,1759204932116043819
0.0,0.0,1759204932158295789
0.0,0.0,1759204932190694686
0.0,0.0,1759204932234590224
0.0,0.0,1759204932258590926
0.0,0.0,1759204932289982364
0.0,0.0,1759204932315717249
0.0,0.0,1759204932358518133
0.0,0.0,1759204932391102902
0.0,0.0,1759204932434461306
0.0,0.0,1759204932458335254
0.0,0.0,1759204932490718928
0.0,0.0,1759204932534485017
0.0,0.0,1759204932558801947
0.0,0.0,1759204932591765160
0.0,0.0,1759204932635300861
0.0,0.0,1759204932658784640
0.0,0.0,1759204932690921374
0.0,0.0,1759204932735099431
0.0,0.0,1759204932758908884
0.0,0.0,1759204932790575555
0.0,0.0,1759204932834849370
0.0,0.0,1759204932858621378
0.0,0.0,1759204932890548212
0.0,0.0,1759204932934703557
0.0,0.0,1759204932958569205
0.0,0.0,1759204932991379317
0.0,0.0,1759204933034783228
0.0,0.0,1759204933058296663
0.0,0.0,1759204933091126431
0.0,0.0,1759204933135254958
0.0,0.0,1759204933159282981
0.0,0.0,1759204933190897260
0.0,0.0,1759204933235249503
0.0,0.0,1759204933258441557
0.0,0.0,1759204933290924292
0.0,0.0,1759204933334828444
0.0,0.0,1759204933358765361
0.0,0.0,1759204933390832757
0.0,0.0,1759204933434757557
0.0,0.0,1759204933458680520
0.0,0.0,1759204933490777036
0.0,0.0,1759204933534910692
0.0,0.0,1759204933559234299
0.0,0.0,1759204933591156224
0.0,0.0,1759204933635242581
0.0,0.0,1759204933659593280
0.0,0.0,1759204933690942642
0.0,0.0,1759204933735574382
0.0,0.0,1759204933759331203
0.0,0.0,1759204933791832043
0.0,0.0,1759204933835818706
0.0,0.0,1759204933859854521
0.0,0.0,1759204933891815635
0.0,0.0,1759204933935505301
0.0,0.0,1759204933959772943
0.0,0.0,1759204933991684532
0.0,0.0,1759204934035655024
0.0,0.0,1759204934059412847
0.0,0.0,1759204934091775149
0.0,0.0,1759204934135750148
0.0,0.0,1759204934160337411
0.0,0.0,1759204934191307889
0.0,0.0,1759204934235781752
0.0,0.0,1759204934259854554
0.0,0.0,1759204934291571759
0.0,0.0,1759204934335687126
0.0,0.0,1759204934359570229
0.0,0.0,1759204934390789107
0.0,0.0,1759204934435455585
0.0,0.0,1759204934459272238
0.0,0.0,1759204934491200390
0.0,0.0,1759204934534931654
0.0,0.0,1759204934559258588
0.0,0.0,1759204934591577428
0.0,0.0,1759204934635427096
0.0,0.0,1759204934658980979
0.0,0.0,1759204934691144846
0.0,0.0,1759204934734739138
0.0,0.0,1759204934758863149
0.0,0.0,1759204934791126507
0.0,0.0,1759204934835114996
0.0,0.0,1759204934859092705
0.0,0.0,1759204934891572787
0.0,0.0,1759204934935355411
0.0,0.0,1759204934959880025
0.0,0.0,1759204934992195921
0.0,0.0,1759204935036183122
0.0,0.0,1759204935059809947
0.0,0.0,1759204935091954940
0.0,0.0,1759204935136051424
0.0,0.0,1759204935160052522
0.0,0.0,1759204935192463637
0.0,0.0,1759204935236415338
0.0,0.0,1759204935260295774
0.0,0.0,1759204935291977920
0.0,0.0,1759204935336073965
0.0,0.0,1759204935359962281
0.0,0.0,1759204935392228915
0.0,0.0,1759204935436333187
0.0,0.0,1759204935460989842
0.0,0.0,1759204935492819712
0.0,0.0,1759204935537045213
0.0,0.0,1759204935560639287
0.0,0.0,1759204935593125552
0.0,0.0,1759204935636528853
0.0,0.0,1759204935660916790
0.0,0.0,1759204935692248765
0.0,0.0,1759204935736827951
0.0,0.0,1759204935760184489
0.0,0.0,1759204935792209398
0.0,0.0,1759204935836284400
0.0,0.0,1759204935860576093
0.0,0.0,1759204935892512047
0.0,0.0,1759204935936684513
0.0,0.0,1759204935960470029
0.0,0.0,1759204935992543490
0.0,0.0,1759204936036563386
0.0,0.0,1759204936060120990
0.0,0.0,1759204936092004449
0.0,0.0,1759204936136099267
0.0,0.0,1759204936160101962
0.0,0.0,1759204936191775095
0.0,0.0,1759204936235711700
0.0,0.0,1759204936259125979
0.0,0.0,1759204936291835336
0.0,0.0,1759204936336002470
0.0,0.0,1759204936359502814
0.0,0.0,1759204936391706717
0.0,0.0,1759204936435499510
0.0,0.0,1759204936458797032
0.0,0.0,1759204936491195416
0.0,0.0,1759204936535067180
0.0,0.0,1759204936559342184
0.0,0.0,1759204936591725137
0.0,0.0,1759204936634889558
0.0,0.0,1759204936659148575
0.0,0.0,1759204936691175030
0.0,0.0,1759204936735373033
0.0,0.0,1759204936758903594
0.0,0.0,1759204936791327920
0.0,0.0,1759204936834863947
0.0,0.0,1759204936859528785
0.0,0.0,1759204936891022558
0.0,0.0,1759204936935331476
0.0,0.0,1759204936959316030
0.0,0.0,1759204936991132369
0.0,0.0,1759204937035214155
0.0,0.0,1759204937058924067
0.0,0.0,1759204937090782432
0.0,0.0,1759204937135155486
0.0,0.0,1759204937158962491
0.0,0.0,1759204937191590664
0.0,0.0,1759204937235396535
0.0,0.0,1759204937259019529
0.0,0.0,1759204937291043663
0.0,0.0,1759204937335218697
0.0,0.0,1759204937359105837
0.0,0.0,1759204937391262023
0.0,0.0,1759204937435106556
0.0,0.0,1759204937459002222
0.0,0.0,1759204937491186637
0.0,0.0,1759204937535634704
0.0,0.0,1759204937559458836
0.0,0.0,1759204937591670754
0.0,0.0,1759204937635715389
0.0,0.0,1759204937659804921
0.0,0.0,1759204937691700374
0.0,0.0,1759204937735444228
0.0,0.0,1759204937759139919
0.0,0.0,1759204937791406776
0.0,0.0,1759204937835106629
0.0,0.0,1759204937858870590
0.0,0.0,1759204937890746473
0.0,0.0,1759204937934889800
0.0,0.0,1759204937958904264
0.0,0.0,1759204937991268404
0.0,0.0,1759204938035056472
0.0,0.0,1759204938058513764
0.0,0.0,1759204938090334934
0.0,0.0,1759204938133351092
0.0,0.0,1759204938158411836
0.0,0.0,1759204938190441905
0.0,0.0,1759204938234066569
0.0,0.0,1759204938258129261
0.0,0.0,1759204938290444878
0.0,0.0,1759204938315162842
0.0,0.0,1759204938358454584
0.0,0.0,1759204938391254440
0.0,0.0,1759204938434874096
0.0,0.0,1759204938458697624
0.0,0.0,1759204938490497677
0.0,0.0,1759204938534305884
0.0,0.0,1759204938558172019
0.0,0.0,1759204938590636265
0.0,0.0,1759204938634460995
0.0,0.0,1759204938658523681
0.0,0.0,1759204938690109386
0.0,0.0,1759204938734554734
0.0,0.0,1759204938758150101
0.0,0.0,1759204938790809613
0.0,0.0,1759204938834309388
0.0,0.0,1759204938858080629
0.0,0.0,1759204938890345392
0.0,0.0,1759204938934287540
0.0,0.0,1759204938958025815
0.0,0.0,1759204938990642911
0.0,0.0,1759204939034376267
0.0,0.0,1759204939057095094
0.0,0.0,1759204939089916107
0.0,0.0,1759204939133736520
0.0,0.0,1759204939158011869
0.0,0.0,1759204939189612401
0.0,0.0,1759204939215421270
0.0,0.0,1759204939257582042
0.0,0.0,1759204939289999705
0.0,0.0,1759204939334212866
0.0,0.0,1759204939358350865
0.0,0.0,1759204939390480329
0.0,0.0,1759204939434706240
0.0,0.0,1759204939458623358
0.0,0.0,1759204939490703893
0.0,0.0,1759204939534912315
0.0,0.0,1759204939558442857
0.0,0.0,1759204939590890735
0.0,0.0,1759204939634874826
0.0,0.0,1759204939658126794
0.0,0.0,1759204939690324799
0.0,0.0,1759204939733849171
0.0,0.0,1759204939757720637
0.0,0.0,1759204939789852664
0.0,0.0,1759204939833800572
0.0,0.0,1759204939857479911
0.0,0.0,1759204939889773976
0.0,0.0,1759204939915434733
0.0,0.0,1759204939958173893
0.0,0.0,1759204939991061163
0.0,0.0,1759204940035076651
0.0,0.0,1759204940058742911
0.0,0.0,1759204940090788082
0.0,0.0,1759204940134689541
0.0,0.0,1759204940158766012
0.0,0.0,1759204940191124365
0.0,0.0,1759204940235079642
0.0,0.0,1759204940258016277
0.0,0.0,1759204940291076698
0.0,0.0,1759204940335064801
0.0,0.0,1759204940358791014
0.0,0.0,1759204940390885303
0.0,0.0,1759204940434748832
0.0,0.0,1759204940458865320
0.0,0.0,1759204940491296049
0.0,0.0,1759204940534246759
0.0,0.0,1759204940558863398
0.0,0.0,1759204940590792285
0.0,0.0,1759204940634821670
0.0,0.0,1759204940658260564
0.0,0.0,1759204940690682450
0.0,0.0,1759204940734769395
0.0,0.0,1759204940758452773
0.0,0.0,1759204940790648668
0.0,0.0,1759204940834450547
0.0,0.0,1759204940858415783
0.0,0.0,1759204940890834620
0.0,0.0,1759204940934645381
0.0,0.0,1759204940958433674
0.0,0.0,1759204940990562400
0.0,0.0,1759204941034004730
0.0,0.0,1759204941058374089
0.0,0.0,1759204941090189932
0.0,0.0,1759204941133608906
0.0,0.0,1759204941158119341
0.0,0.0,1759204941190653484
0.0,0.0,1759204941234251382
0.0,0.0,1759204941257149589
0.0,0.0,1759204941290001773
0.0,0.0,1759204941333538722
0.0,0.0,1759204941357726753
0.0,0.0,1759204941389752983
0.0,0.0,1759204941433347653
0.0,0.0,1759204941457010566
0.0,0.0,1759204941488912025
0.0,0.0,1759204941514271898
0.0,0.0,1759204941556880910
0.0,0.0,1759204941590036093
0.0,0.0,1759204941633436936
0.0,0.0,1759204941657905475
0.0,0.0,1759204941689859708
0.0,0.0,1759204941715243265
0.0,0.0,1759204941758191521
0.0,0.0,1759204941790428793
0.0,0.0,1759204941834321319
0.0,0.0,1759204941858396906
0.0,0.0,1759204941890561836
0.0,0.0,1759204941934276484
0.0,0.0,1759204941958606711
0.0,0.0,1759204941990936139
0.0,0.0,1759204942034511966
0.0,0.0,1759204942058341704
0.0,0.0,1759204942090628533
0.0,0.0,1759204942134553072
0.0,0.0,1759204942158187466
0.0,0.0,1759204942190612531
0.0,0.0,1759204942234210488
0.0,0.0,1759204942257714554
0.0,0.0,1759204942290060943
0.0,0.0,1759204942334506415
0.0,0.0,1759204942358373888
0.0,0.0,1759204942390259296
0.0,0.0,1759204942434709800
0.0,0.0,1759204942458296673
0.0,0.0,1759204942490287792
0.0,0.0,1759204942534209847
0.0,0.0,1759204942557961439
0.0,0.0,1759204942590455033
0.0,0.0,1759204942634301960
0.0,0.0,1759204942658026740
0.0,0.0,1759204942689840097
0.0,0.0,1759204942733142559
0.0,0.0,1759204942757993419
0.0,0.0,1759204942790001712
0.0,0.0,1759204942833461172
0.0,0.0,1759204942857667274
0.0,0.0,1759204942889651287
0.0,0.0,1759204942934035205
0.0,0.0,1759204942957386273
0.0,0.0,1759204942990669783
0.0,0.0,1759204943033929981
0.0,0.0,1759204943057962076
0.0,0.0,1759204943089810538
0.0,0.0,1759204943133397171
0.0,0.0,1759204943157312812
0.0,0.0,1759204943189795010
0.0,0.0,1759204943234068817
0.0,0.0,1759204943258025825
0.0,0.0,1759204943290028294
0.0,0.0,1759204943333596314
0.0,0.0,1759204943357723378
0.0,0.0,1759204943390321493
0.0,0.0,1759204943433774964
0.0,0.0,1759204943457558849
0.0,0.0,1759204943489496034
0.0,0.0,1759204943532980266
0.0,0.0,1759204943556886170
0.0,0.0,1759204943589443494
0.0,0.0,1759204943633243532
0.0,0.0,1759204943657025550
0.0,0.0,1759204943688918689
0.0,0.0,1759204943714670020
0.0,0.0,1759204943756845803
0.0,0.0,1759204943789513428
0.0,0.0,1759204943833224627
0.0,0.0,1759204943856559315
0.0,0.0,1759204943889166474
0.0,0.0,1759204943914626291
0.0,0.0,1759204943957299945
0.0,0.0,1759204943989743794
0.0,0.0,1759204944033217463
0.0,0.0,1759204944057049512
0.0,0.0,1759204944089073048
0.0,0.0,1759204944114036587
0.0,0.0,1759204944157086631
0.0,0.0,1759204944190124997
0.0,0.0,1759204944233944776
0.0,0.0,1759204944257915230
0.0,0.0,1759204944290174606
0.0,0.0,1759204944333583809
0.0,0.0,1759204944357131442
0.0,0.0,1759204944390232768
0.0,0.0,1759204944433931305
0.0,0.0,1759204944457649499
0.0,0.0,1759204944489402902
0.0,0.0,1759204944533539258
0.0,0.0,1759204944557187357
0.0,0.0,1759204944589451727
0.0,0.0,1759204944614317093
0.0,0.0,1759204944656729911
0.0,0.0,1759204944689155994
0.0,0.0,1759204944732886691
0.0,0.0,1759204944756263740
0.0,0.0,1759204944789423091
0.0,0.0,1759204944833671125
0.0,0.0,1759204944857282568
0.0,0.0,1759204944888350146
0.0,0.0,1759204944914294159
0.0,0.0,1759204944957127513
0.0,0.0,1759204944989737513
0.0,0.0,1759204945034152387
0.0,0.0,1759204945058053427
0.0,0.0,1759204945090133378
0.0,0.0,1759204945133318831
0.0,0.0,1759204945157810481
0.0,0.0,1759204945190211009
0.0,0.0,1759204945234038253
0.0,0.0,1759204945257357882
0.0,0.0,1759204945290170874
0.0,0.0,1759204945333781687
0.0,0.0,1759204945357928938
0.0,0.0,1759204945389885956
0.0,0.0,1759204945434159618
0.0,0.0,1759204945458044321
0.0,0.0,1759204945489828099
0.0,0.0,1759204945533738236
0.0,0.0,1759204945557966973
0.0,0.0,1759204945590349695
0.0,0.0,1759204945634003013
0.0,0.0,1759204945658230634
0.0,0.0,1759204945690450841
0.0,0.0,1759204945733457990
0.0,0.0,1759204945758002821
0.0,0.0,1759204945789991647
0.0,0.0,1759204945833677375
0.0,0.0,1759204945857894951
0.0,0.0,1759204945889659425
0.0,0.0,1759204945934056113
0.0,0.0,1759204945958047477
0.0,0.0,1759204945989924170
0.0,0.0,1759204946034067927
0.0,0.0,1759204946057856458
0.0,0.0,1759204946090054564
0.0,0.0,1759204946134211366
0.0,0.0,1759204946158213645
0.0,0.0,1759204946190053519
0.0,0.0,1759204946233231212
0.0,0.0,1759204946257683720
0.0,0.0,1759204946289411835
0.0,0.0,1759204946333730543
0.0,0.0,1759204946357981809
0.0,0.0,1759204946390474875
0.0,0.0,1759204946433760721
0.0,0.0,1759204946456914931
0.0,0.0,1759204946489591939
0.0,0.0,1759204946533747149
0.0,0.0,1759204946557837698
0.0,0.0,1759204946589175157
0.0,0.0,1759204946633765934
0.0,0.0,1759204946657560481
0.0,0.0,1759204946689421143
0.0,0.0,1759204946734121694
0.0,0.0,1759204946758060667
0.0,0.0,1759204946789874100
0.0,0.0,1759204946834268490
0.0,0.0,1759204946857786629
0.0,0.0,1759204946890531413
0.0,0.0,1759204946933880824
0.0,0.0,1759204946957591404
0.0,0.0,1759204946990188809
0.0,0.0,1759204947034548804
0.0,0.0,1759204947057615432
0.0,0.0,1759204947090751262
0.0,0.0,1759204947134809574
0.0,0.0,1759204947158736380
0.0,0.0,1759204947190673539
0.0,0.0,1759204947234362816
0.0,0.0,1759204947258341986
0.0,0.0,1759204947290748702
0.0,0.0,1759204947334442574
0.0,0.0,1759204947358303689
0.0,0.0,1759204947390712503
0.0,0.0,1759204947435103418
0.0,0.0,1759204947458794616
0.0,0.0,1759204947490044731
0.0,0.0,1759204947534648178
0.0,0.0,1759204947558468269
0.0,0.0,1759204947590686769
0.0,0.0,1759204947633801414
0.0,0.0,1759204947657951953
0.0,0.0,1759204947690423034
0.0,0.0,1759204947733810819
0.0,0.0,1759204947757888233
0.0,0.0,1759204947789810583
0.0,0.0,1759204947834174475
0.0,0.0,1759204947858218728
0.0,0.0,1759204947889332560
0.0,0.0,1759204947933762483
0.0,0.0,1759204947957917845
0.0,0.0,1759204947990104275
0.0,0.0,1759204948033601886
0.0,0.0,1759204948057801369
0.0,0.0,1759204948090084138
0.0,0.0,1759204948134373518
0.0,0.0,1759204948158161325
0.0,0.0,1759204948190571199
0.0,0.0,1759204948235093033
0.0,0.0,1759204948258779123
0.0,0.0,1759204948290764420
0.0,0.0,1759204948335170984
0.0,0.0,1759204948358285510
0.0,0.0,1759204948391343009
0.0,0.0,1759204948435514931
0.0,0.0,1759204948459602107
0.0,0.0,1759204948491576957
0.0,0.0,1759204948534885634
0.0,0.0,1759204948559136822
0.0,0.0,1759204948591191529
0.0,0.0,1759204948634797313
0.0,0.0,1759204948658888084
0.0,0.0,1759204948691029624
0.0,0.0,1759204948735150463
0.0,0.0,1759204948759089488
0.0,0.0,1759204948791099938
0.0,0.0,1759204948835824899
0.0,0.0,1759204948859114251
0.0,0.0,1759204948891451529
0.0,0.0,1759204948935348479
0.0,0.0,1759204948959300856
0.0,0.0,1759204948991474910
0.0,0.0,1759204949035463734
0.0,0.0,1759204949059228265
0.0,0.0,1759204949091460324
0.0,0.0,1759204949135373037
0.0,0.0,1759204949159249126
0.0,0.0,1759204949191229986
0.0,0.0,1759204949234524377
0.0,0.0,1759204949258564995
0.0,0.0,1759204949290250087
0.0,0.0,1759204949334313333
0.0,0.0,1759204949358379944
0.0,0.0,1759204949390144380
0.0,0.0,1759204949434232937
0.0,0.0,1759204949458351835
0.0,0.0,1759204949490247038
0.0,0.0,1759204949533641530
0.0,0.0,1759204949557713067
0.0,0.0,1759204949589855132
0.0,0.0,1759204949634054848
0.0,0.0,1759204949657676266
0.0,0.0,1759204949690013196
0.0,0.0,1759204949734213010
0.0,0.0,1759204949758086816
0.0,0.0,1759204949790138372
0.0,0.0,1759204949833650048
0.0,0.0,1759204949857395487
0.0,0.0,1759204949889748769
0.0,0.0,1759204949933536551
0.0,0.0,1759204949957285833
0.0,0.0,1759204949989665642
0.0,0.0,1759204950033294505
0.0,0.0,1759204950056931107
0.0,0.0,1759204950088829084
0.0,0.0,1759204950132343338
0.0,0.0,1759204950156553436
0.0,0.0,1759204950188576582
0.0,0.0,1759204950231888368
0.0,0.0,1759204950256012691
0.0,0.0,1759204950288270896
0.0,0.0,1759204950313902467
0.0,0.0,1759204950356579894
0.0,0.0,1759204950388745881
0.0,0.0,1759204950433630587
0.0,0.0,1759204950456474653
0.0,0.0,1759204950488965947
0.0,0.0,1759204950532734895
0.0,0.0,1759204950556596491
0.0,0.0,1759204950588903592
0.0,0.0,1759204950633187402
0.0,0.0,1759204950656503007
0.0,0.0,1759204950689064861
0.0,0.0,1759204950733118834
0.0,0.0,1759204950756769211
0.0,0.0,1759204950788892108
0.0,0.0,1759204950832398199
0.0,0.0,1759204950856247968
0.0,0.0,1759204950888395063
0.0,0.0,1759204950914010455
0.0,0.0,1759204950956221356
0.0,0.0,1759204950990010075
0.0,0.0,1759204951033352291
0.0,0.0,1759204951057270538
0.0,0.0,1759204951088793184
0.0,0.0,1759204951132590430
0.0,0.0,1759204951156184873
0.0,0.0,1759204951189055176
0.0,0.0,1759204951232761654
0.0,0.0,1759204951256316490
0.0,0.0,1759204951288893333
0.0,0.0,1759204951332704989
0.0,0.0,1759204951356901179
0.0,0.0,1759204951389079509
0.0,0.0,1759204951433009026
0.0,0.0,1759204951456675511
0.0,0.0,1759204951488448896
0.0,0.0,1759204951513759701
0.0,0.0,1759204951556438381
0.0,0.0,1759204951588836051
0.0,0.0,1759204951632960769
0.0,0.0,1759204951656124617
0.0,0.0,1759204951688406678
0.0,0.0,1759204951733254254
0.0,0.0,1759204951757048270
0.0,0.0,1759204951788743083
0.0,0.0,1759204951832834747
0.0,0.0,1759204951856515709
0.0,0.0,1759204951888662587
0.0,0.0,1759204951932490865
0.0,0.0,1759204951956456657
0.0,0.0,1759204951988731526
0.0,0.0,1759204952032820096
0.0,0.0,1759204952056592209
0.0,0.0,1759204952088718902
0.0,0.0,1759204952132664313
0.0,0.0,1759204952156813488
0.0,0.0,1759204952188877482
0.0,0.0,1759204952232524914
0.0,0.0,1759204952256746500
0.0,0.0,1759204952289202086
0.0,0.0,1759204952332917540
0.0,0.0,1759204952356892947
0.0,0.0,1759204952388989305
0.0,0.0,1759204952433156492
0.0,0.0,1759204952456653808
0.0,0.0,1759204952488803380
0.0,0.0,1759204952532763774
0.0,0.0,1759204952556705031
0.0,0.0,1759204952588796663
0.0,0.0,1759204952631397273
0.0,0.0,1759204952656032475
0.0,0.0,1759204952688020858
0.0,0.0,1759204952713401827
0.0,0.0,1759204952756302213
0.0,0.0,1759204952789110219
