gyro_z,stamp
0.004,1759203754819604581
0.000535987437701539,1759203754819684587
0.004,1759203754819750821
0.002134763137735156,1759203754819780717
0.004799387500950958,1759203754831930923
0.005865236862264844,1759203754845237589
0.004266462558494628,1759203754858298538
0.004,1759203754871206800
0.005865236862264844,1759203754885240371
0.0016018373226141997,1759203754899485704
0.0024012251726310083,1759203754913223837
0.0002695262754703123,1759203754926278989
0.000535987437701539,1759203754939492569
0.0002695262754703123,1759203754952742638
0.0018683002301746778,1759203754965904950
0.0024012251726310083,1759203754979149680
-0.0002633995396506446,1759203754993781534
0.004532924942456331,1759203755007409459
0.002934150115087339,1759203755020532576
0.004,1759203755032965497
0.0066646255849462785,1759203755046791773
0.002934150115087339,1759203755060192587
0.005865236862264844,1759203755073584348
0.0024012251726310083,1759203755087954937
0.004799387500950958,1759203755101579991
0.002134763137735156,1759203755114473860
0.0034670750575436695,1759203755128345475
0.005598774827368992,1759203755141690373
0.0034670750575436695,1759203755154878793
0.004532924942456331,1759203755167719476
0.003200612499049042,1759203755181169472
0.004532924942456331,1759203755196059211
0.000535987437701539,1759203755209297966
0.000535987437701539,1759203755222378555
0.005065849884912661,1759203755235471962
0.004799387500950958,1759203755248963525
0.0002695262754703123,1759203755261384299
-0.0005298624472111222,1759203755275438268
0.006398162677385801,1759203755290274327
0.004,1759203755302934333
0.002934150115087339,1759203755316763424
0.004266462558494628,1759203755330666118
0.007464012562298461,1759203755343597614
0.006131699769825322,1759203755356920077
-0.0005298624472111222,1759203755369898354
0.002134763137735156,1759203755383255968
0.006931086747177505,1759203755397813306
0.004,1759203755410743508
0.0016018373226141997,1759203755424621667
0.0013353744150537217,1759203755438306517
0.006398162677385801,1759203755451186749
0.0026676875565927113,1759203755464620220
0.0016018373226141997,1759203755477618714
0.0008024503452620162,1759203755492596267
0.001068913252822495,1759203755505870589
0.0026676875565927113,1759203755518726093
0.002134763137735156,1759203755531762682
0.0024012251726310083,1759203755545162712
0.010128636401915489,1759203755558096969
0.0034670750575436695,1759203755571642063
0.0013353744150537217,1759203755584883617
0.005865236862264844,1759203755599111553
0.004799387500950958,1759203755612932029
0.0026676875565927113,1759203755625830338
0.0034670750575436695,1759203755639692999
0.0024012251726310083,1759203755652868142
0.0013353744150537217,1759203755666003026
0.0034670750575436695,1759203755679377503
0.004266462558494628,1759203755694211939
0.005865236862264844,1759203755707459761
0.000535987437701539,1759203755720496319
0.005065849884912661,1759203755733498833
0.0002695262754703123,1759203755746948389
0.0008024503452620162,1759203755760236692
0.004,1759203755773038767
0.001068913252822495,1759203755788161685
0.0008024503452620162,1759203755801587359
0.007197549654737984,1759203755814635666
-0.0023950993094759678,1759203755827869042
0.0034670750575436695,1759203755841208516
0.000535987437701539,1759203755854512389
0.002934150115087339,1759203755867691354
0.0026676875565927113,1759203755880877852
0.004,1759203755894869234
0.005065849884912661,1759203755908779275
-0.0002633995396506446,1759203755922598340
0.000535987437701539,1759203755935925514
-0.0005298624472111222,1759203755949226952
0.004532924942456331,1759203755962526544
0.002934150115087339,1759203755975541693
0.006931086747177505,1759203755990162711
0.0026676875565927113,1759203756003894350
0.004266462558494628,1759203756016739382
-0.0002633995396506446,1759203756030019492
0.005065849884912661,1759203756043337239
0.005865236862264844,1759203756056859213
0.007996936632090166,1759203756069729180
0.003200612499049042,1759203756082995569
0.004,1759203756096752952
0.004266462558494628,1759203756111023679
-0.00106278826233208,1759203756124313995
0.007464012562298461,1759203756137367074
0.002134763137735156,1759203756150790362
0.004,1759203756163496761
0.0008024503452620162,1759203756177391876
0.0024012251726310083,1759203756191953726
0.0008024503452620162,1759203756205547658
0.005065849884912661,1759203756218583961
0.006398162677385801,1759203756231867516
0.002934150115087339,1759203756245451626
0.0002695262754703123,1759203756258594004
0.0024012251726310083,1759203756271743959
0.002134763137735156,1759203756285223111
0.004266462558494628,1759203756300011153
0.0002695262754703123,1759203756312937349
0.0034670750575436695,1759203756325961121
0.003200612499049042,1759203756339359940
0.002134763137735156,1759203756352337585
0.001068913252822495,1759203756365876562
0.0002695262754703123,1759203756379376285
0.002134763137735156,1759203756393975887
0.002134763137735156,1759203756407621361
0.005598774827368992,1759203756420571110
0.0026676875565927113,1759203756433839946
-0.0005298624472111222,1759203756446895044
0.0008024503452620162,1759203756460228413
0.004266462558494628,1759203756473415475
0.0016018373226141997,1759203756487875863
0.001068913252822495,1759203756501584124
0.002934150115087339,1759203756514892584
0.004266462558494628,1759203756527957687
0.005865236862264844,1759203756541340054
0.0024012251726310083,1759203756554802322
0.005065849884912661,1759203756567702619
0.0013353744150537217,1759203756580966019
0.004266462558494628,1759203756595219171
-0.000796323609442348,1759203756609278459
0.006398162677385801,1759203756622255427
0.003200612499049042,1759203756635732745
0.004,1759203756648581779
0.002934150115087339,1759203756661881863
0.004,1759203756674699950
0.002134763137735156,1759203756689724536
0.006131699769825322,1759203756703164986
0.004266462558494628,1759203756716545642
0.004,1759203756729174686
0.004,1759203756742473692
0.0024012251726310083,1759203756756432908
0.0034670750575436695,1759203756769678523
0.0024012251726310083,1759203756782940757
0.0026676875565927113,1759203756797641713
0.006131699769825322,1759203756810844620
0.0034670750575436695,1759203756824304676
0.0066646255849462785,1759203756837220536
0.001068913252822495,1759203756850777487
0.004799387500950958,1759203756863854027
0.0026676875565927113,1759203756877207474
0.002934150115087339,1759203756891988396
0.002134763137735156,1759203756905540314
0.0016018373226141997,1759203756918814004
0.0013353744150537217,1759203756931976200
0.0013353744150537217,1759203756944806859
0.0066646255849462785,1759203756958366065
0.0024012251726310083,1759203756971646020
0.004266462558494628,1759203756984717233
0.007996936632090166,1759203756999156472
0.004799387500950958,1759203757012787753
0.001068913252822495,1759203757026098987
0.004,1759203757038822714
0.0034670750575436695,1759203757052611700
0.006131699769825322,1759203757065794257
0.0026676875565927113,1759203757079270073
0.004,1759203757092937816
0.004266462558494628,1759203757107153653
0.0018683002301746778,1759203757120507097
0.000535987437701539,1759203757134099886
0.0016018373226141997,1759203757146853386
0.003200612499049042,1759203757160425582
0.002134763137735156,1759203757173095788
0.004266462558494628,1759203757188121583
0.003733537441505372,1759203757201507872
0.005065849884912661,1759203757215156645
3.0633679098338723e-06,1759203757227936675
0.005332312443407289,1759203757241311194
0.002934150115087339,1759203757254631740
0.002934150115087339,1759203757267507811
0.004532924942456331,1759203757280886822
0.0016018373226141997,1759203757295852021
0.005332312443407289,1759203757308807711
0.002134763137735156,1759203757322698668
0.005065849884912661,1759203757335936457
-0.0023950993094759678,1759203757349202847
0.007197549654737984,1759203757362517370
0.0013353744150537217,1759203757375584849
0.0016018373226141997,1759203757390613640
0.0024012251726310083,1759203757404163424
0.003733537441505372,1759203757416803494
0.001068913252822495,1759203757429925622
0.006931086747177505,1759203757442948526
0.004266462558494628,1759203757456474121
0.005065849884912661,1759203757469435268
0.004,1759203757482317969
0.003200612499049042,1759203757497511227
0.0016018373226141997,1759203757511022012
0.004532924942456331,1759203757524270769
0.0066646255849462785,1759203757537481846
0.0026676875565927113,1759203757550815959
0.005598774827368992,1759203757564168013
0.0008024503452620162,1759203757577338602
0.004532924942456331,1759203757591660678
0.003200612499049042,1759203757605499540
0.003200612499049042,1759203757618906552
0.003733537441505372,1759203757632214097
0.004799387500950958,1759203757645304683
0.002934150115087339,1759203757658723768
0.005065849884912661,1759203757671550934
0.007197549654737984,1759203757685238473
0.004266462558494628,1759203757699433614
0.003733537441505372,1759203757712965834
0.004,1759203757725759241
0.005598774827368992,1759203757739672107
0.0024012251726310083,1759203757752337047
0.004266462558494628,1759203757765846691
0.004266462558494628,1759203757779479267
0.001068913252822495,1759203757793776917
0.0008024503452620162,1759203757807361939
0.0026676875565927113,1759203757820796872
0.0018683002301746778,1759203757833834130
0.001068913252822495,1759203757847274979
0.002134763137735156,1759203757860524350
0.003733537441505372,1759203757873530471
0.003733537441505372,1759203757887987583
0.0024012251726310083,1759203757901831227
0.0016018373226141997,1759203757914855139
0.0008024503452620162,1759203757928023995
0.0066646255849462785,1759203757941228874
0.003200612499049042,1759203757954787275
0.005598774827368992,1759203757967767882
0.002134763137735156,1759203757980887691
-0.001595712332123785,1759203757995705119
0.005065849884912661,1759203758009437421
0.0013353744150537217,1759203758022896878
0.003200612499049042,1759203758036087205
0.0016018373226141997,1759203758049265654
0.0026676875565927113,1759203758062555705
0.0002695262754703123,1759203758075837672
0.0024012251726310083,1759203758090626721
0.005332312443407289,1759203758103886702
0.0066646255849462785,1759203758116924832
-0.0005298624472111222,1759203758130403480
0.0034670750575436695,1759203758143612443
0.002934150115087339,1759203758156826677
0.0024012251726310083,1759203758170040787
0.004266462558494628,1759203758183282389
0.003200612499049042,1759203758198149722
0.003733537441505372,1759203758210836145
0.004,1759203758224087498
0.003733537441505372,1759203758237788614
0.0013353744150537217,1759203758251231832
0.001068913252822495,1759203758264324673
0.003733537441505372,1759203758277791937
3.0633679098338723e-06,1759203758292361778
0.004,1759203758304631037
0.0024012251726310083,1759203758318369887
0.003733537441505372,1759203758331885540
0.0034670750575436695,1759203758345194140
0.0008024503452620162,1759203758358048053
0.002134763137735156,1759203758371414799
0.003733537441505372,1759203758384628717
0.005065849884912661,1759203758399211366
-0.0002633995396506446,1759203758412815045
0.0018683002301746778,1759203758426380060
0.0016018373226141997,1759203758439450695
0.004266462558494628,1759203758452429279
0.004266462558494628,1759203758465604033
0.008263399539650645,1759203758478974904
0.0026676875565927113,1759203758493779247
0.0016018373226141997,1759203758507019653
0.0016018373226141997,1759203758520792111
0.0016018373226141997,1759203758533804776
0.0024012251726310083,1759203758546957903
-0.0002633995396506446,1759203758560333960
0.001068913252822495,1759203758573541774
0.0024012251726310083,1759203758588432650
0.0016018373226141997,1759203758601323160
0.004266462558494628,1759203758614749608
0.007730473724529688,1759203758628170819
0.000535987437701539,1759203758641383976
0.0034670750575436695,1759203758654938085
0.003200612499049042,1759203758667907732
-0.0002633995396506446,1759203758681177290
0.005865236862264844,1759203758695529299
0.0018683002301746778,1759203758709517454
0.002134763137735156,1759203758723057648
0.0016018373226141997,1759203758736145211
0.0018683002301746778,1759203758749558707
0.004799387500950958,1759203758762675678
0.005598774827368992,1759203758775890102
0.004532924942456331,1759203758790494261
0.003733537441505372,1759203758804247090
0.004532924942456331,1759203758817142485
0.0018683002301746778,1759203758830363394
0.0024012251726310083,1759203758843351370
0.004,1759203758856654494
0.002134763137735156,1759203758870344172
0.0013353744150537217,1759203758883553325
0.0018683002301746778,1759203758898201321
0.0018683002301746778,1759203758911413552
0.004532924942456331,1759203758924699558
0.003200612499049042,1759203758937818941
0.006131699769825322,1759203758951158959
0.004,1759203758963875610
0.0008024503452620162,1759203758977834412
0.004,1759203758991898775
0.0008024503452620162,1759203759005424068
0.0034670750575436695,1759203759018727995
0.006398162677385801,1759203759031805559
0.0008024503452620162,1759203759045121680
0.005332312443407289,1759203759058373621
0.003733537441505372,1759203759071789974
0.0024012251726310083,1759203759085333047
0.005065849884912661,1759203759099311708
0.0034670750575436695,1759203759113132582
0.006131699769825322,1759203759125937479
0.0026676875565927113,1759203759139594028
0.003200612499049042,1759203759152907056
0.0016018373226141997,1759203759165933498
-0.00106278826233208,1759203759179156685
0.002934150115087339,1759203759193791827
0.003200612499049042,1759203759207562712
0.005865236862264844,1759203759220522072
0.001068913252822495,1759203759233616954
0.002934150115087339,1759203759247052444
0.0034670750575436695,1759203759260210011
0.004532924942456331,1759203759273328106
0.005598774827368992,1759203759287827912
0.0013353744150537217,1759203759301806345
0.004,1759203759314635175
0.0024012251726310083,1759203759328351789
0.0034670750575436695,1759203759341586855
0.002934150115087339,1759203759354903181
0.004799387500950958,1759203759368061739
0.0026676875565927113,1759203759381694760
0.0034670750575436695,1759203759396059961
0.003733537441505372,1759203759409262969
0.005065849884912661,1759203759422519001
0.004,1759203759434915072
0.0013353744150537217,1759203759449028648
0.002934150115087339,1759203759462322464
0.003200612499049042,1759203759475652838
0.0026676875565927113,1759203759490026441
0.004266462558494628,1759203759503324073
0.003733537441505372,1759203759516941012
0.0008024503452620162,1759203759530004645
0.004799387500950958,1759203759543353302
0.002934150115087339,1759203759556531125
0.002934150115087339,1759203759569269820
0.0026676875565927113,1759203759583282445
0.001068913252822495,1759203759597673678
-0.0005298624472111222,1759203759611183569
0.005332312443407289,1759203759624349521
0.0002695262754703123,1759203759637712660
0.004,1759203759650146351
0.007730473724529688,1759203759664125710
0.002134763137735156,1759203759677356058
0.004,1759203759691265384
0.005865236862264844,1759203759705516570
0.0024012251726310083,1759203759718640863
0.0024012251726310083,1759203759732277632
3.0633679098338723e-06,1759203759745150057
0.003200612499049042,1759203759758410070
0.0034670750575436695,1759203759771600788
0.0016018373226141997,1759203759784772076
0.005332312443407289,1759203759799720826
-0.0026615622170364454,1759203759813281546
0.004799387500950958,1759203759826602353
0.0018683002301746778,1759203759839780622
0.005865236862264844,1759203759852260092
0.0024012251726310083,1759203759866189236
-0.0005298624472111222,1759203759879398254
0.005332312443407289,1759203759894546257
-0.0005298624472111222,1759203759906780347
0.003200612499049042,1759203759920625020
0.002134763137735156,1759203759933740146
0.005332312443407289,1759203759946833022
0.0018683002301746778,1759203759960194763
0.0008024503452620162,1759203759973199414
-0.0013292494245633057,1759203759988281626
0.0026676875565927113,1759203760001671787
0.006931086747177505,1759203760014737295
0.004799387500950958,1759203760028097353
0.002934150115087339,1759203760041383126
0.004,1759203760054154254
0.005065849884912661,1759203760067741282
0.004532924942456331,1759203760081145687
0.003733537441505372,1759203760095897231
0.002934150115087339,1759203760109528999
0.0002695262754703123,1759203760122869751
0.003200612499049042,1759203760136344584
0.005332312443407289,1759203760149876264
0.005332312443407289,1759203760162553993
0.007996936632090166,1759203760175910011
-0.000796323609442348,1759203760190448780
-0.0002633995396506446,1759203760203850043
0.0013353744150537217,1759203760216854678
0.006131699769825322,1759203760230152458
0.007730473724529688,1759203760243054958
0.0016018373226141997,1759203760256510358
0.004,1759203760269213482
0.0016018373226141997,1759203760283157996
0.0034670750575436695,1759203760297973395
0.0008024503452620162,1759203760311079551
0.006398162677385801,1759203760324435704
0.005332312443407289,1759203760337861788
0.003200612499049042,1759203760351390709
-0.0005298624472111222,1759203760364252156
0.004,1759203760377101578
0.0024012251726310083,1759203760392197702
0.002934150115087339,1759203760405380213
-0.0002633995396506446,1759203760418673179
-0.0005298624472111222,1759203760431993944
0.0026676875565927113,1759203760444791539
0.0034670750575436695,1759203760458111239
0.004,1759203760470854726
0.0034670750575436695,1759203760484892798
0.002134763137735156,1759203760500086009
0.003200612499049042,1759203760513411975
0.004,1759203760526141131
0.0034670750575436695,1759203760539944053
0.000535987437701539,1759203760552392699
0.0008024503452620162,1759203760566162890
0.004,1759203760579165672
-0.000796323609442348,1759203760594149945
0.004,1759203760606561231
0.0024012251726310083,1759203760620526184
0.004,1759203760633054929
0.0016018373226141997,1759203760646918353
0.006131699769825322,1759203760660270582
-0.0021286364019154885,1759203760673253939
0.002134763137735156,1759203760688028887
0.004799387500950958,1759203760701710154
0.0026676875565927113,1759203760715348769
0.005865236862264844,1759203760728361238
0.0008024503452620162,1759203760741245139
0.005865236862264844,1759203760754746568
0.006398162677385801,1759203760768062519
0.0034670750575436695,1759203760781459260
0.003200612499049042,1759203760795933038
0.0034670750575436695,1759203760809335043
0.0026676875565927113,1759203760822784568
0.005332312443407289,1759203760835983584
0.0034670750575436695,1759203760849177409
0.001068913252822495,1759203760861869958
0.003733537441505372,1759203760875468907
0.004266462558494628,1759203760890155534
0.001068913252822495,1759203760903564231
0.001068913252822495,1759203760916961925
0.006931086747177505,1759203760930169290
0.0013353744150537217,1759203760943225763
0.0034670750575436695,1759203760956249187
0.0018683002301746778,1759203760969702018
0.006131699769825322,1759203760982726006
0.007464012562298461,1759203760997309110
3.0633679098338723e-06,1759203761010968514
0.004,1759203761023791656
0.0026676875565927113,1759203761037731881
0.004799387500950958,1759203761050782093
0.003200612499049042,1759203761063966240
0.007464012562298461,1759203761077080911
0.005332312443407289,1759203761091724087
0.0016018373226141997,1759203761105138951
0.0026676875565927113,1759203761118593554
0.005332312443407289,1759203761131775387
0.0008024503452620162,1759203761145115670
0.001068913252822495,1759203761158383735
0.002934150115087339,1759203761171611278
0.004799387500950958,1759203761185053809
0.001068913252822495,1759203761199480168
0.002134763137735156,1759203761212882044
0.000535987437701539,1759203761226137342
0.0034670750575436695,1759203761239602906
0.002934150115087339,1759203761252759061
0.002134763137735156,1759203761265812898
0.0024012251726310083,1759203761279334613
0.0016018373226141997,1759203761293746388
0.005332312443407289,1759203761307404710
0.003733537441505372,1759203761320771151
0.004532924942456331,1759203761333717485
0.004532924942456331,1759203761347048291
0.005332312443407289,1759203761359836608
0.0024012251726310083,1759203761373526061
0.003200612499049042,1759203761388266362
0.002934150115087339,1759203761401927825
0.005598774827368992,1759203761415165757
0.0026676875565927113,1759203761428246636
0.003733537441505372,1759203761441611246
0.004,1759203761454110036
0.0026676875565927113,1759203761468039704
0.004532924942456331,1759203761481244701
0.004532924942456331,1759203761495849721
0.003200612499049042,1759203761509328427
0.0026676875565927113,1759203761522707661
0.0008024503452620162,1759203761535982083
0.005065849884912661,1759203761549184026
0.004799387500950958,1759203761562823101
0.004266462558494628,1759203761575784729
0.0024012251726310083,1759203761590417631
0.001068913252822495,1759203761603514898
0.0008024503452620162,1759203761617121764
0.0034670750575436695,1759203761630323043
-0.006658498849126612,1759203761643061712
0.001068913252822495,1759203761656203295
-0.002928025124596922,1759203761669776543
0.004,1759203761682423144
0.0013353744150537217,1759203761697499691
0.004799387500950958,1759203761710894778
0.007464012562298461,1759203761724335850
-0.0021286364019154885,1759203761737643154
0.003733537441505372,1759203761751132647
-0.0023950993094759678,1759203761764091645
0.0002695262754703123,1759203761777240282
0.004532924942456331,1759203761791998047
0.004799387500950958,1759203761805494912
-0.000796323609442348,1759203761818677230
0.004266462558494628,1759203761831882627
0.005598774827368992,1759203761844933231
0.0013353744150537217,1759203761858217633
0.0026676875565927113,1759203761871444932
0.0034670750575436695,1759203761884757446
0.004799387500950958,1759203761899559677
0.003200612499049042,1759203761913068018
0.005332312443407289,1759203761926270406
0.003200612499049042,1759203761939433496
0.001068913252822495,1759203761952604831
0.004,1759203761965307847
0.0018683002301746778,1759203761979167822
0.000535987437701539,1759203761993600063
-0.0021286364019154885,1759203762007349987
0.008263399539650645,1759203762020426191
0.005865236862264844,1759203762033711470
0.0018683002301746778,1759203762047066879
0.0026676875565927113,1759203762060377197
0.006931086747177505,1759203762073152736
0.004266462558494628,1759203762087935876
0.0024012251726310083,1759203762101678930
-0.0005298624472111222,1759203762114544405
0.000535987437701539,1759203762128091673
0.003200612499049042,1759203762141364883
0.005065849884912661,1759203762154481108
0.003733537441505372,1759203762167537584
0.002934150115087339,1759203762180822256
0.0034670750575436695,1759203762195821614
0.004,1759203762208443113
0.006398162677385801,1759203762222246657
0.001068913252822495,1759203762235756669
0.001068913252822495,1759203762249150353
0.006131699769825322,1759203762261954963
0.003200612499049042,1759203762275474655
0.004532924942456331,1759203762289696191
0.0026676875565927113,1759203762303550957
0.002934150115087339,1759203762316574555
0.0034670750575436695,1759203762330210562
0.005598774827368992,1759203762343294049
0.004266462558494628,1759203762356593555
-0.0005298624472111222,1759203762369743108
0.004532924942456331,1759203762382906391
0.002934150115087339,1759203762397663703
0.002934150115087339,1759203762411050482
0.006398162677385801,1759203762424549819
0.005065849884912661,1759203762437616149
0.009595712332123786,1759203762450893850
0.0034670750575436695,1759203762464296906
0.0016018373226141997,1759203762477458138
0.005332312443407289,1759203762492306116
0.004532924942456331,1759203762505850025
0.005865236862264844,1759203762518852758
0.006131699769825322,1759203762531837205
0.004532924942456331,1759203762545222245
0.003733537441505372,1759203762558923838
0.0018683002301746778,1759203762571643165
0.001068913252822495,1759203762585151333
0.000535987437701539,1759203762599702450
0.004,1759203762612598618
0.0013353744150537217,1759203762626648227
0.004266462558494628,1759203762639826432
0.002134763137735156,1759203762653240355
0.001068913252822495,1759203762666240646
0.003733537441505372,1759203762679380411
0.006398162677385801,1759203762693734930
0.006931086747177505,1759203762707255321
0.006398162677385801,1759203762720732497
0.004799387500950958,1759203762733763323
0.0018683002301746778,1759203762747082447
0.005598774827368992,1759203762760184896
0.005065849884912661,1759203762773572823
0.005598774827368992,1759203762788298664
0.004799387500950958,1759203762801510479
0.0026676875565927113,1759203762815194811
0.0034670750575436695,1759203762828323982
0.005332312443407289,1759203762841802925
-0.000796323609442348,1759203762854851871
0.003200612499049042,1759203762868049028
0.0008024503452620162,1759203762881426817
0.0018683002301746778,1759203762895855424
0.004532924942456331,1759203762909204968
0.0008024503452620162,1759203762922579526
0.003733537441505372,1759203762936003861
0.004266462558494628,1759203762949109423
-0.000796323609442348,1759203762962239576
0.0034670750575436695,1759203762975655313
-0.0002633995396506446,1759203762990145316
0.0034670750575436695,1759203763003598724
0.005865236862264844,1759203763016853148
0.004799387500950958,1759203763030122495
0.0034670750575436695,1759203763043305346
0.005332312443407289,1759203763056229488
0.004799387500950958,1759203763069955606
0.004266462558494628,1759203763082688684
3.0633679098338723e-06,1759203763097742567
0.002134763137735156,1759203763111075324
-0.000796323609442348,1759203763124273903
0.004,1759203763136674433
0.004,1759203763150117322
0.004799387500950958,1759203763163724309
0.0066646255849462785,1759203763177346810
0.004532924942456331,1759203763191981929
0.004266462558494628,1759203763205466633
0.0026676875565927113,1759203763218885266
0.0024012251726310083,1759203763232130841
0.0034670750575436695,1759203763245415234
0.004799387500950958,1759203763258329310
0.006398162677385801,1759203763271773814
0.004266462558494628,1759203763284871725
0.004532924942456331,1759203763299483783
0.0026676875565927113,1759203763312936274
0.004799387500950958,1759203763326185684
0.004532924942456331,1759203763339654150
0.003733537441505372,1759203763352978121
0.006131699769825322,1759203763365853725
0.001068913252822495,1759203763379365262
0.007197549654737984,1759203763393638364
0.0034670750575436695,1759203763407121439
-0.0005298624472111222,1759203763420103755
0.0008024503452620162,1759203763433577152
-0.00106278826233208,1759203763446806319
0.003200612499049042,1759203763460296592
0.006131699769825322,1759203763473201796
0.0026676875565927113,1759203763488110205
0.0002695262754703123,1759203763501741288
0.0013353744150537217,1759203763514739587
0.002134763137735156,1759203763527908626
0.004532924942456331,1759203763541314621
0.004799387500950958,1759203763554451201
0.004,1759203763567160583
0.002134763137735156,1759203763581282394
0.004532924942456331,1759203763595779862
0.002134763137735156,1759203763609317867
0.000535987437701539,1759203763622385874
0.0016018373226141997,1759203763635564858
0.004,1759203763648181846
0.003200612499049042,1759203763662192128
0.0018683002301746778,1759203763675429592
0.0034670750575436695,1759203763690213043
0.0013353744150537217,1759203763703645505
0.002934150115087339,1759203763716829506
0.0013353744150537217,1759203763730407999
0.0008024503452620162,1759203763743298198
0.003733537441505372,1759203763756767210
0.003200612499049042,1759203763769767616
0.002934150115087339,1759203763782916703
0.004266462558494628,1759203763797306193
0.0002695262754703123,1759203763810750300
0.004266462558494628,1759203763824292418
0.0026676875565927113,1759203763837795926
0.002134763137735156,1759203763850813096
0.004,1759203763863643722
0.004,1759203763876750291
0.004799387500950958,1759203763892001065
0.004532924942456331,1759203763905251988
0.0034670750575436695,1759203763918700331
0.003200612499049042,1759203763931863522
0.0026676875565927113,1759203763945265111
0.0013353744150537217,1759203763958614220
0.006398162677385801,1759203763971508659
0.0026676875565927113,1759203763985188601
0.0034670750575436695,1759203763999824603
0.0002695262754703123,1759203764012985430
0.0018683002301746778,1759203764026220722
0.002934150115087339,1759203764039667115
0.006131699769825322,1759203764052863288
0.0024012251726310083,1759203764065951975
0.004266462558494628,1759203764079097401
0.0034670750575436695,1759203764093808020
0.002134763137735156,1759203764107553157
0.0018683002301746778,1759203764120607562
0.003733537441505372,1759203764133789771
0.002134763137735156,1759203764146847745
0.003200612499049042,1759203764160322171
0.005065849884912661,1759203764173224268
0.0034670750575436695,1759203764188094077
0.007197549654737984,1759203764201361702
0.0018683002301746778,1759203764214947118
0.0016018373226141997,1759203764228371117
0.004,1759203764240841910
-0.001595712332123785,1759203764254884642
0.002934150115087339,1759203764267898250
0.004,1759203764280387614
0.0018683002301746778,1759203764296054285
0.0024012251726310083,1759203764309477583
0.002134763137735156,1759203764322677691
0.003200612499049042,1759203764335740325
-0.005326187801982725,1759203764349255481
0.0013353744150537217,1759203764362072733
0.0016018373226141997,1759203764375566773
0.002134763137735156,1759203764390170924
0.005865236862264844,1759203764403581827
0.004,1759203764416144070
0.006931086747177505,1759203764429874715
0.0018683002301746778,1759203764443275638
0.003200612499049042,1759203764456588632
-0.0013292494245633057,1759203764469759913
0.0024012251726310083,1759203764482972030
0.0024012251726310083,1759203764497466374
0.005065849884912661,1759203764510835151
0.0002695262754703123,1759203764524382906
0.0016018373226141997,1759203764537575145
0.002934150115087339,1759203764550706413
0.002934150115087339,1759203764564176950
0.004532924942456331,1759203764577583791
0.004,1759203764591333991
0.002934150115087339,1759203764605428557
0.0018683002301746778,1759203764618694086
3.0633679098338723e-06,1759203764631927573
0.005065849884912661,1759203764644933608
0.004532924942456331,1759203764658472280
0.0008024503452620162,1759203764671909180
0.0066646255849462785,1759203764684628493
0.004799387500950958,1759203764699446596
0.004266462558494628,1759203764712832100
0.003200612499049042,1759203764726185407
0.007464012562298461,1759203764739475117
0.0013353744150537217,1759203764752713361
0.004532924942456331,1759203764766328491
0.002934150115087339,1759203764779611293
0.006131699769825322,1759203764794695429
0.004,1759203764807125000
0.0024012251726310083,1759203764821262811
0.004,1759203764833689473
0.005065849884912661,1759203764847254110
0.0016018373226141997,1759203764860518638
0.0024012251726310083,1759203764873990044
0.002934150115087339,1759203764888425153
0.005332312443407289,1759203764901827652
0.004532924942456331,1759203764914837447
0.007996936632090166,1759203764928132365
0.003200612499049042,1759203764941397802
0.003200612499049042,1759203764955028812
0.004266462558494628,1759203764968154517
-0.0013292494245633057,1759203764981182498
0.0018683002301746778,1759203764995872937
0.0016018373226141997,1759203765009292425
0.003200612499049042,1759203765022310368
0.005332312443407289,1759203765035599278
0.0013353744150537217,1759203765048777851
0.003200612499049042,1759203765062279486
0.0002695262754703123,1759203765075567423
0.0002695262754703123,1759203765090352016
0.0018683002301746778,1759203765103660401
0.004532924942456331,1759203765117220902
0.0016018373226141997,1759203765129774377
0.005332312443407289,1759203765143315590
-0.0002633995396506446,1759203765156617071
0.007197549654737984,1759203765169631260
0.006931086747177505,1759203765183012738
0.0026676875565927113,1759203765197945601
0.004,1759203765210712557
0.008796323609442349,1759203765224401547
0.0024012251726310083,1759203765237673758
0.004,1759203765250431387
0.0024012251726310083,1759203765264411563
0.002934150115087339,1759203765277579250
0.002934150115087339,1759203765292092699
0.005065849884912661,1759203765305537594
0.0008024503452620162,1759203765318894767
0.003733537441505372,1759203765332279628
0.0024012251726310083,1759203765345448831
0.004532924942456331,1759203765358688945
0.0026676875565927113,1759203765371797075
0.006131699769825322,1759203765384692093
0.005065849884912661,1759203765399434270
0.0034670750575436695,1759203765412909962
0.001068913252822495,1759203765426172600
0.0034670750575436695,1759203765439423558
0.0008024503452620162,1759203765452684165
0.006398162677385801,1759203765465754932
0.004266462558494628,1759203765479297640
0.005065849884912661,1759203765493743937
0.006131699769825322,1759203765507314500
0.006131699769825322,1759203765520692765
0.0026676875565927113,1759203765533736661
0.002934150115087339,1759203765547075416
0.004532924942456331,1759203765560394818
-0.000796323609442348,1759203765573697644
0.0018683002301746778,1759203765588091187
0.0008024503452620162,1759203765601712969
-0.00106278826233208,1759203765614888107
0.003733537441505372,1759203765628517483
0.007464012562298461,1759203765641428937
0.005865236862264844,1759203765654629198
0.005065849884912661,1759203765667943345
0.002934150115087339,1759203765681113066
0.0026676875565927113,1759203765695768714
0.005065849884912661,1759203765709470855
0.003200612499049042,1759203765722544920
0.004266462558494628,1759203765735818071
0.004799387500950958,1759203765749187971
0.0024012251726310083,1759203765762704749
0.000535987437701539,1759203765775584696
0.0024012251726310083,1759203765790514658
0.0013353744150537217,1759203765803708092
0.002134763137735156,1759203765816939750
0.0018683002301746778,1759203765830169615
0.004266462558494628,1759203765843630915
0.005598774827368992,1759203765856686104
0.006131699769825322,1759203765869725129
0.0002695262754703123,1759203765883139189
-0.003460949194388628,1759203765897842311
0.006398162677385801,1759203765910907540
0.0024012251726310083,1759203765924355407
0.007464012562298461,1759203765937427877
0.0034670750575436695,1759203765951204526
-0.0002633995396506446,1759203765964170262
0.006931086747177505,1759203765977219262
-0.0002633995396506446,1759203765992189367
-0.0018621752396842618,1759203766005621073
0.0002695262754703123,1759203766018996975
0.002934150115087339,1759203766032100448
0.004532924942456331,1759203766045225260
0.005065849884912661,1759203766058461497
0.002934150115087339,1759203766071495193
0.0026676875565927113,1759203766085250589
0.002134763137735156,1759203766099682843
0.006931086747177505,1759203766112905308
0.005065849884912661,1759203766126015730
0.0034670750575436695,1759203766139796127
0.003200612499049042,1759203766152813728
0.0016018373226141997,1759203766166157732
0.005865236862264844,1759203766179068564
0.0026676875565927113,1759203766193928315
0.002934150115087339,1759203766207460426
-0.00106278826233208,1759203766220699989
0.0013353744150537217,1759203766233904219
0.003733537441505372,1759203766247180598
3.0633679098338723e-06,1759203766259974442
0.004266462558494628,1759203766273562284
0.004799387500950958,1759203766288040668
0.004,1759203766301077035
0.0008024503452620162,1759203766314898775
0.003733537441505372,1759203766328444908
0.0024012251726310083,1759203766341506599
0.0018683002301746778,1759203766354702821
0.0013353744150537217,1759203766367379417
0.005332312443407289,1759203766381431368
0.0024012251726310083,1759203766396242909
0.006931086747177505,1759203766409203186
-0.00106278826233208,1759203766422630338
0.0026676875565927113,1759203766435861732
0.005332312443407289,1759203766449271695
0.000535987437701539,1759203766462316567
0.002934150115087339,1759203766475703593
0.001068913252822495,1759203766490536579
0.003200612499049042,1759203766503905453
0.0024012251726310083,1759203766517169841
0.003733537441505372,1759203766530529216
0.002134763137735156,1759203766543442220
0.0024012251726310083,1759203766556836837
0.002934150115087339,1759203766570262899
0.004532924942456331,1759203766583246374
0.002934150115087339,1759203766597536715
0.004532924942456331,1759203766611536005
0.004799387500950958,1759203766624783821
0.004532924942456331,1759203766638053042
0.0026676875565927113,1759203766651236931
0.0034670750575436695,1759203766664781753
0.0018683002301746778,1759203766677571293
0.004532924942456331,1759203766692505085
0.001068913252822495,1759203766705825785
0.005065849884912661,1759203766719087935
0.007197549654737984,1759203766732096978
0.004266462558494628,1759203766745761482
0.0008024503452620162,1759203766759169183
0.003200612499049042,1759203766771593067
0.005065849884912661,1759203766784764829
-0.0005298624472111222,1759203766799569267
0.00906278826233208,1759203766813013435
0.003733537441505372,1759203766826402778
0.003733537441505372,1759203766839633795
0.0024012251726310083,1759203766852773441
0.0024012251726310083,1759203766866436644
-0.0013292494245633057,1759203766879571323
0.004532924942456331,1759203766894206966
0.007464012562298461,1759203766906697543
0.003733537441505372,1759203766921219042
0.004532924942456331,1759203766934222700
0.0034670750575436695,1759203766947589898
0.005065849884912661,1759203766960524771
0.0008024503452620162,1759203766973721270
0.002934150115087339,1759203766988267800
0.0024012251726310083,1759203767002006871
0.003733537441505372,1759203767014885798
0.0008024503452620162,1759203767028264849
0.002934150115087339,1759203767041469429
0.003200612499049042,1759203767055083926
0.004799387500950958,1759203767068316777
0.004,1759203767080607380
0.007464012562298461,1759203767096167124
0.0026676875565927113,1759203767109552384
0.002934150115087339,1759203767122652083
0.004,1759203767135480254
0.004266462558494628,1759203767149159576
0.005865236862264844,1759203767162558148
0.0024012251726310083,1759203767175895075
0.0066646255849462785,1759203767190323509
0.005598774827368992,1759203767203702922
0.004799387500950958,1759203767217174066
0.004532924942456331,1759203767230143468
0.005065849884912661,1759203767243753727
0.0024012251726310083,1759203767256703199
0.005332312443407289,1759203767269688260
0.0066646255849462785,1759203767283062277
0.004266462558494628,1759203767297798563
0.001068913252822495,1759203767311218061
0.002134763137735156,1759203767324375826
0.0002695262754703123,1759203767337565251
0.0013353744150537217,1759203767350763844
-0.000796323609442348,1759203767364368974
0.0026676875565927113,1759203767377809973
0.005065849884912661,1759203767392224328
0.0026676875565927113,1759203767405892104
3.0633679098338723e-06,1759203767418866851
0.002134763137735156,1759203767431758438
0.0008024503452620162,1759203767445263203
0.005865236862264844,1759203767458290143
0.003733537441505372,1759203767472329140
-0.0018621752396842618,1759203767485278109
0.003733537441505372,1759203767500097581
0.005865236862264844,1759203767513354038
0.0016018373226141997,1759203767526626078
0.007730473724529688,1759203767539562880
0.004,1759203767552499937
0.002134763137735156,1759203767566389792
-0.0013292494245633057,1759203767579838811
0.0024012251726310083,1759203767594775679
0.0034670750575436695,1759203767607994984
0.001068913252822495,1759203767620956608
0.004532924942456331,1759203767634203765
0.004799387500950958,1759203767647173845
0.003200612499049042,1759203767660669085
0.005065849884912661,1759203767673333305
0.004799387500950958,1759203767688666509
0.002134763137735156,1759203767702096738
0.004532924942456331,1759203767715340866
0.004799387500950958,1759203767728503820
0.0018683002301746778,1759203767741724524
0.004,1759203767754475835
0.003200612499049042,1759203767767896563
0.010395099309475967,1759203767781225036
3.0633679098338723e-06,1759203767795647663
0.000535987437701539,1759203767809297629
-0.0013292494245633057,1759203767822578262
-0.00106278826233208,1759203767835611652
0.008796323609442349,1759203767849090943
0.006931086747177505,1759203767862020770
-0.006392035941566133,1759203767875506288
-0.0018621752396842618,1759203767889942523
0.000535987437701539,1759203767903625383
0.007996936632090166,1759203767916685299
0.009329249424563306,1759203767930135414
0.0002695262754703123,1759203767943458589
3.0633679098338723e-06,1759203767956638148
0.0026676875565927113,1759203767969932551
0.007464012562298461,1759203767983148448
0.007197549654737984,1759203767997673446
0.003733537441505372,1759203768011275667
0.003200612499049042,1759203768024748732
0.0008024503452620162,1759203768037458425
0.002934150115087339,1759203768050668728
0.005865236862264844,1759203768064259210
0.008529862447211121,1759203768077422564
0.004266462558494628,1759203768092069675
0.002134763137735156,1759203768105805763
-0.0005298624472111222,1759203768118754851
0.004,1759203768131552298
0.005065849884912661,1759203768145287375
0.002934150115087339,1759203768158574023
-0.0018621752396842618,1759203768171709268
0.002134763137735156,1759203768184849777
0.0008024503452620162,1759203768199288895
0.005598774827368992,1759203768213192797
0.008529862447211121,1759203768226144008
0.002134763137735156,1759203768239411764
0.0008024503452620162,1759203768252806534
0.000535987437701539,1759203768266300098
0.0024012251726310083,1759203768279327565
0.007464012562298461,1759203768293997331
0.0018683002301746778,1759203768307762783
0.0026676875565927113,1759203768320846392
0.002134763137735156,1759203768334504012
0.003733537441505372,1759203768347579363
0.000535987437701539,1759203768360642574
0.005598774827368992,1759203768373741734
0.002934150115087339,1759203768388412554
-0.00106278826233208,1759203768401972458
-0.003460949194388628,1759203768414838046
-0.0023950993094759678,1759203768428455511
0.005065849884912661,1759203768441673902
0.004799387500950958,1759203768454910565
0.003200612499049042,1759203768468025460
0.0016018373226141997,1759203768481068332
0.0016018373226141997,1759203768495684470
-0.0005298624472111222,1759203768509082494
0.007730473724529688,1759203768522217890
0.003200612499049042,1759203768535925902
0.0034670750575436695,1759203768548860199
0.0026676875565927113,1759203768562464213
0.0024012251726310083,1759203768575530397
0.005598774827368992,1759203768590478012
0.005065849884912661,1759203768603745778
0.0018683002301746778,1759203768616887238
0.005065849884912661,1759203768630173807
0.005065849884912661,1759203768643057925
0.004,1759203768655760086
0.010128636401915489,1759203768669634516
0.002934150115087339,1759203768683181098
0.0034670750575436695,1759203768697738393
-0.003460949194388628,1759203768711219862
0.0034670750575436695,1759203768724753672
0.001068913252822495,1759203768737932122
0.0008024503452620162,1759203768750370674
0.000535987437701539,1759203768763646529
0.002934150115087339,1759203768777233006
0.003733537441505372,1759203768792184373
0.0013353744150537217,1759203768805246836
0.004532924942456331,1759203768818564091
0.004532924942456331,1759203768831802289
3.0633679098338723e-06,1759203768845289342
0.004532924942456331,1759203768858460885
0.003733537441505372,1759203768871828515
0.0024012251726310083,1759203768885196391
0.005865236862264844,1759203768899448809
0.0013353744150537217,1759203768913041521
0.004799387500950958,1759203768926215293
0.0034670750575436695,1759203768939320874
0.004,1759203768952205441
0.0026676875565927113,1759203768966632709
0.002934150115087339,1759203768979944036
0.002134763137735156,1759203768994315252
0.003733537441505372,1759203769007884947
0.007197549654737984,1759203769021049021
-0.0002633995396506446,1759203769034103744
0.003200612499049042,1759203769047704203
0.004266462558494628,1759203769060364735
0.004799387500950958,1759203769073412372
0.004799387500950958,1759203769088166027
0.005332312443407289,1759203769101712185
0.005598774827368992,1759203769114872074
0.0018683002301746778,1759203769128237575
0.0018683002301746778,1759203769141142195
0.0024012251726310083,1759203769154796018
0.0066646255849462785,1759203769167173182
0.002134763137735156,1759203769181179748
0.0018683002301746778,1759203769195984920
0.004799387500950958,1759203769209354937
0.004799387500950958,1759203769222746603
0.0018683002301746778,1759203769235781277
0.0024012251726310083,1759203769249400061
0.005598774827368992,1759203769262284026
0.0016018373226141997,1759203769276084653
0.0034670750575436695,1759203769290314750
0.006131699769825322,1759203769303760363
0.0016018373226141997,1759203769316962385
-0.000796323609442348,1759203769329906557
0.0016018373226141997,1759203769343451003
0.002134763137735156,1759203769356627383
0.005065849884912661,1759203769369786754
0.0026676875565927113,1759203769383146486
0.003200612499049042,1759203769398027315
0.002134763137735156,1759203769411158881
0.0026676875565927113,1759203769424716221
0.007464012562298461,1759203769437713473
0.002134763137735156,1759203769451216484
0.005598774827368992,1759203769464185375
-0.00106278826233208,1759203769477506707
-0.0005298624472111222,1759203769492147988
0.0016018373226141997,1759203769505549605
0.0016018373226141997,1759203769518780296
3.0633679098338723e-06,1759203769532033926
0.0016018373226141997,1759203769544710027
0.001068913252822495,1759203769558690297
0.0024012251726310083,1759203769571688064
0.005332312443407289,1759203769585136814
0.004266462558494628,1759203769599505987
0.0034670750575436695,1759203769613078025
0.0024012251726310083,1759203769626319855
0.004,1759203769638732262
0.008263399539650645,1759203769652556747
0.003200612499049042,1759203769665942512
0.0016018373226141997,1759203769679291284
0.001068913252822495,1759203769693931663
0.006131699769825322,1759203769707080605
0.0034670750575436695,1759203769720400647
0.0016018373226141997,1759203769733734054
0.004532924942456331,1759203769746722000
0.0013353744150537217,1759203769760309997
0.006131699769825322,1759203769773232414
0.004266462558494628,1759203769788159259
3.0633679098338723e-06,1759203769801674722
0.0026676875565927113,1759203769815128428
0.0034670750575436695,1759203769828571936
0.004,1759203769840824701
0.0026676875565927113,1759203769854663922
0.0066646255849462785,1759203769867625490
0.0034670750575436695,1759203769881105274
0.0024012251726310083,1759203769895825719
0.004266462558494628,1759203769909288979
0.003200612499049042,1759203769922593373
0.005332312443407289,1759203769935784340
0.005065849884912661,1759203769948792818
0.004,1759203769961592726
0.004,1759203769974802076
0.0013353744150537217,1759203769990239812
0.005065849884912661,1759203770003382967
0.0018683002301746778,1759203770016901563
0.004,1759203770029535630
-0.0002633995396506446,1759203770043281336
0.0018683002301746778,1759203770056836365
0.0013353744150537217,1759203770070095416
0.000535987437701539,1759203770083627681
0.000535987437701539,1759203770097878941
0.005065849884912661,1759203770111424099
0.0034670750575436695,1759203770124769193
0.0066646255849462785,1759203770137904791
0.001068913252822495,1759203770151241083
0.0013353744150537217,1759203770164360397
0.000535987437701539,1759203770177814394
0.007730473724529688,1759203770192483157
0.005065849884912661,1759203770205961603
0.007464012562298461,1759203770218994399
0.005065849884912661,1759203770232333091
0.005332312443407289,1759203770245616074
0.007730473724529688,1759203770258512846
-0.0005298624472111222,1759203770272220889
0.006131699769825322,1759203770285309810
0.004266462558494628,1759203770299846284
0.004799387500950958,1759203770313435175
0.001068913252822495,1759203770326420306
0.0034670750575436695,1759203770339877647
0.007464012562298461,1759203770352860603
0.002934150115087339,1759203770366330321
0.006131699769825322,1759203770379598179
0.003733537441505372,1759203770394330601
0.002934150115087339,1759203770407701509
0.0013353744150537217,1759203770420999568
0.0013353744150537217,1759203770434314962
0.005065849884912661,1759203770446899534
0.004266462558494628,1759203770460285172
0.0034670750575436695,1759203770473723203
0.003200612499049042,1759203770488297602
0.003200612499049042,1759203770501691342
0.006398162677385801,1759203770514965888
0.005332312443407289,1759203770528089017
0.002134763137735156,1759203770541416166
0.0034670750575436695,1759203770554729630
0.004266462558494628,1759203770567611512
0.003733537441505372,1759203770580644582
0.002134763137735156,1759203770595943639
0.003200612499049042,1759203770609252157
0.002934150115087339,1759203770622708648
0.004532924942456331,1759203770635839800
0.004266462558494628,1759203770649162187
3.0633679098338723e-06,1759203770662377173
0.003733537441505372,1759203770675879050
0.003733537441505372,1759203770690356700
0.003733537441505372,1759203770703911253
0.0008024503452620162,1759203770717148807
0.005065849884912661,1759203770730174380
0.004799387500950958,1759203770743465219
0.0018683002301746778,1759203770756787335
-0.0005298624472111222,1759203770770034639
0.005598774827368992,1759203770783061387
3.0633679098338723e-06,1759203770797793319
0.004532924942456331,1759203770811245374
0.002934150115087339,1759203770824420744
0.005065849884912661,1759203770837799434
-0.0005298624472111222,1759203770850872154
0.005865236862264844,1759203770863680001
0.003200612499049042,1759203770877717238
-0.0026615622170364454,1759203770891771447
0.002934150115087339,1759203770905894609
0.0034670750575436695,1759203770919082135
0.005065849884912661,1759203770932283058
0.003733537441505372,1759203770945185052
0.002934150115087339,1759203770958217275
0.0016018373226141997,1759203770971509160
0.005065849884912661,1759203770984655784
0.004532924942456331,1759203770999464234
0.0034670750575436695,1759203771013094392
-0.0005298624472111222,1759203771026318008
0.0018683002301746778,1759203771039575396
3.0633679098338723e-06,1759203771052856837
0.002934150115087339,1759203771066104666
0.005598774827368992,1759203771079282993
0.001068913252822495,1759203771094062703
0.0016018373226141997,1759203771107426144
0.0024012251726310083,1759203771120793821
0.004266462558494628,1759203771133395824
0.0024012251726310083,1759203771147453888
0.0013353744150537217,1759203771160695497
0.001068913252822495,1759203771173812867
0.0026676875565927113,1759203771188596184
0.004,1759203771201539814
0.004,1759203771214590178
0.003733537441505372,1759203771228779576
0.008263399539650645,1759203771241440903
0.0026676875565927113,1759203771254818197
0.005598774827368992,1759203771267819532
0.002134763137735156,1759203771281148694
0.0026676875565927113,1759203771295648476
0.004,1759203771308735311
0.0026676875565927113,1759203771322693393
0.004,1759203771335359128
-0.000796323609442348,1759203771348872851
0.002134763137735156,1759203771362283005
0.0018683002301746778,1759203771375432939
0.003733537441505372,1759203771390295973
-0.0013292494245633057,1759203771403416609
0.0016018373226141997,1759203771416912582
0.004,1759203771429466620
0.002134763137735156,1759203771443378195
0.0026676875565927113,1759203771456691178
0.000535987437701539,1759203771469616705
0.0008024503452620162,1759203771483172016
-0.00106278826233208,1759203771497758371
0.0026676875565927113,1759203771510840700
0.006398162677385801,1759203771524279134
-0.00106278826233208,1759203771537940975
0.005065849884912661,1759203771550725182
0.0034670750575436695,1759203771564225818
0.004266462558494628,1759203771577421406
0.003200612499049042,1759203771592263536
0.003200612499049042,1759203771605887344
0.0026676875565927113,1759203771619042450
0.0013353744150537217,1759203771632062926
0.004799387500950958,1759203771645100024
0.0013353744150537217,1759203771658499153
0.004266462558494628,1759203771671750619
0.0018683002301746778,1759203771685241673
0.0018683002301746778,1759203771699691430
0.001068913252822495,1759203771712785193
0.004266462558494628,1759203771726299760
0.0034670750575436695,1759203771739624844
0.003200612499049042,1759203771752841547
0.003200612499049042,1759203771766308925
0.006131699769825322,1759203771779345798
0.002134763137735156,1759203771794059859
0.006398162677385801,1759203771807529784
0.006398162677385801,1759203771820818209
0.0026676875565927113,1759203771834167063
0.005065849884912661,1759203771846862718
0.005065849884912661,1759203771860178922
0.004,1759203771872813565
0.0026676875565927113,1759203771888253520
0.004532924942456331,1759203771901592263
-0.0005298624472111222,1759203771915021288
0.003733537441505372,1759203771928336068
0.004,1759203771940866185
0.004799387500950958,1759203771954716187
0.009595712332123786,1759203771967964859
0.0024012251726310083,1759203771981070857
0.003200612499049042,1759203771996143786
0.004,1759203772008733977
0.004532924942456331,1759203772022633253
-0.000796323609442348,1759203772035945546
0.006931086747177505,1759203772048995249
0.000535987437701539,1759203772062520376
0.0018683002301746778,1759203772075782507
0.004266462558494628,1759203772090278773
0.005865236862264844,1759203772103702394
0.006931086747177505,1759203772116750798
0.007730473724529688,1759203772130220112
0.002134763137735156,1759203772143545057
0.008263399539650645,1759203772156793794
0.005065849884912661,1759203772169884220
0.004,1759203772182631803
0.007197549654737984,1759203772197484186
-0.000796323609442348,1759203772211175953
3.0633679098338723e-06,1759203772224568872
0.0026676875565927113,1759203772237730396
0.0016018373226141997,1759203772251047463
0.004532924942456331,1759203772264201496
0.0026676875565927113,1759203772277717929
0.005065849884912661,1759203772291880232
0.007197549654737984,1759203772305625887
0.0013353744150537217,1759203772318886353
0.003733537441505372,1759203772332074686
0.0024012251726310083,1759203772345586571
-0.001595712332123785,1759203772358877816
0.0013353744150537217,1759203772372344832
0.004266462558494628,1759203772385496745
0.007464012562298461,1759203772399862726
-0.000796323609442348,1759203772413491713
0.004266462558494628,1759203772426781688
0.0026676875565927113,1759203772440059568
0.006931086747177505,1759203772453114755
3.0633679098338723e-06,1759203772466140267
0.002134763137735156,1759203772479310822
0.003200612499049042,1759203772494403517
0.0026676875565927113,1759203772507543918
0.003733537441505372,1759203772520796184
0.0066646255849462785,1759203772533801184
0.0066646255849462785,1759203772547379431
0.0034670750575436695,1759203772560535828
0.0008024503452620162,1759203772573920425
0.0013353744150537217,1759203772588253325
0.0026676875565927113,1759203772601905075
0.001068913252822495,1759203772614741843
0.0016018373226141997,1759203772627768838
0.004532924942456331,1759203772641749518
0.003733537441505372,1759203772655082221
0.003200612499049042,1759203772668056126
3.0633679098338723e-06,1759203772681724788
0.003200612499049042,1759203772696104642
0.0034670750575436695,1759203772709688145
-0.0021286364019154885,1759203772722927941
0.0018683002301746778,1759203772736185254
0.0018683002301746778,1759203772749437754
0.005332312443407289,1759203772762772294
0.0008024503452620162,1759203772775859353
0.0008024503452620162,1759203772790741663
0.008263399539650645,1759203772804139255
0.0018683002301746778,1759203772817399977
0.002134763137735156,1759203772830600994
0.003200612499049042,1759203772843803835
0.006131699769825322,1759203772856717691
0.0008024503452620162,1759203772870029490
0.005598774827368992,1759203772883331449
0.0016018373226141997,1759203772897951785
0.0018683002301746778,1759203772911307803
0.002134763137735156,1759203772924584672
0.003733537441505372,1759203772937869191
0.003733537441505372,1759203772951033402
0.004266462558494628,1759203772964272210
3.0633679098338723e-06,1759203772977445951
0.0008024503452620162,1759203772992267484
0.004799387500950958,1759203773005932620
0.004266462558494628,1759203773019008675
0.0018683002301746778,1759203773032158986
0.0026676875565927113,1759203773045417975
0.006131699769825322,1759203773058763378
0.004532924942456331,1759203773071788199
0.001068913252822495,1759203773085366783
3.0633679098338723e-06,1759203773099819450
0.003733537441505372,1759203773113436535
-0.0002633995396506446,1759203773126652295
0.0026676875565927113,1759203773139711050
0.003733537441505372,1759203773152901594
0.0034670750575436695,1759203773166497615
0.003200612499049042,1759203773179572791
0.002934150115087339,1759203773194158252
0.003200612499049042,1759203773207590596
0.0024012251726310083,1759203773220776938
0.004266462558494628,1759203773233736902
0.003733537441505372,1759203773247136443
-0.0002633995396506446,1759203773260273587
0.004532924942456331,1759203773273673592
0.0066646255849462785,1759203773288418235
0.004,1759203773301133609
0.004532924942456331,1759203773314990137
0.0034670750575436695,1759203773328368961
0.000535987437701539,1759203773341560808
0.0008024503452620162,1759203773354745538
0.0018683002301746778,1759203773368247258
0.0024012251726310083,1759203773381734143
0.005065849884912661,1759203773396105465
0.002134763137735156,1759203773409700091
0.004266462558494628,1759203773422881539
0.005865236862264844,1759203773435890385
0.003200612499049042,1759203773449174225
0.0016018373226141997,1759203773462427935
0.0008024503452620162,1759203773475819175
0.0024012251726310083,1759203773490430742
0.0026676875565927113,1759203773503889405
-0.005059724894422244,1759203773516787194
0.002934150115087339,1759203773530327289
0.004266462558494628,1759203773543512056
0.005065849884912661,1759203773556684677
0.004266462558494628,1759203773570026510
0.0002695262754703123,1759203773583111574
0.004,1759203773597322992
0.0034670750575436695,1759203773611541519
0.006398162677385801,1759203773624527047
3.0633679098338723e-06,1759203773637723182
0.004,1759203773650111148
0.002134763137735156,1759203773664340715
0.006931086747177505,1759203773677513772
0.006931086747177505,1759203773692202565
0.004266462558494628,1759203773705720187
0.009862175239684263,1759203773718778543
0.002134763137735156,1759203773732117453
0.0018683002301746778,1759203773745450670
0.004799387500950958,1759203773758666749
0.0024012251726310083,1759203773771434128
0.0034670750575436695,1759203773785420502
0.005865236862264844,1759203773799728319
0.001068913252822495,1759203773813061789
0.004799387500950958,1759203773826463219
0.004,1759203773838778298
0.006131699769825322,1759203773852677615
0.004,1759203773865343683
0.003200612499049042,1759203773878924966
0.007197549654737984,1759203773893751802
-0.0005298624472111222,1759203773907299221
0.0034670750575436695,1759203773920517357
0.0034670750575436695,1759203773934053320
0.005332312443407289,1759203773947551934
0.005332312443407289,1759203773960475944
0.004,1759203773973213589
0.004799387500950958,1759203773988412015
0.005865236862264844,1759203774001738177
0.0013353744150537217,1759203774015405682
0.004,1759203774027882722
0.005598774827368992,1759203774041315060
0.002934150115087339,1759203774054732781
0.0002695262754703123,1759203774068063702
0.004799387500950958,1759203774081061272
-0.0005298624472111222,1759203774095672385
0.004,1759203774108853022
0.005332312443407289,1759203774122658501
0.004266462558494628,1759203774135982598
0.003200612499049042,1759203774149435046
0.003200612499049042,1759203774162837646
0.0024012251726310083,1759203774176026224
-0.0002633995396506446,1759203774190647231
0.003733537441505372,1759203774204151476
0.0026676875565927113,1759203774217271343
0.002934150115087339,1759203774230906259
0.005598774827368992,1759203774244038549
0.006131699769825322,1759203774257138095
0.0008024503452620162,1759203774270139971
0.002934150115087339,1759203774283736400
0.0034670750575436695,1759203774298314121
0.004,1759203774311175074
0.0026676875565927113,1759203774325099681
0.004,1759203774337222649
-0.001595712332123785,1759203774350943034
0.003733537441505372,1759203774364443374
0.005065849884912661,1759203774377894914
0.0013353744150537217,1759203774392243711
0.002934150115087339,1759203774405565856
0.004266462558494628,1759203774418755948
0.005332312443407289,1759203774432292034
0.005065849884912661,1759203774445537880
0.0026676875565927113,1759203774458906941
0.005865236862264844,1759203774471964660
0.004266462558494628,1759203774485320559
0.004266462558494628,1759203774500015738
0.0008024503452620162,1759203774512808150
0.002934150115087339,1759203774526967456
0.001068913252822495,1759203774539865346
0.006931086747177505,1759203774552955571
0.0024012251726310083,1759203774566663610
0.0024012251726310083,1759203774579765632
0.004532924942456331,1759203774594219959
0.001068913252822495,1759203774608043994
0.0026676875565927113,1759203774621117833
0.004799387500950958,1759203774634370086
0.003733537441505372,1759203774647419438
0.005598774827368992,1759203774660548013
0.005332312443407289,1759203774673753319
0.004799387500950958,1759203774688638666
0.003733537441505372,1759203774701878652
0.0016018373226141997,1759203774715145454
0.003200612499049042,1759203774728726665
0.003200612499049042,1759203774741891381
3.0633679098338723e-06,1759203774755266098
0.0026676875565927113,1759203774768459743
0.002134763137735156,1759203774781775738
0.0016018373226141997,1759203774796268909
0.005332312443407289,1759203774809894980
-0.00106278826233208,1759203774823040667
0.0034670750575436695,1759203774836390217
0.0008024503452620162,1759203774849651460
-0.00106278826233208,1759203774862837671
0.0026676875565927113,1759203774876413282
0.0018683002301746778,1759203774890841876
0.005865236862264844,1759203774904119703
0.001068913252822495,1759203774917517845
0.006131699769825322,1759203774930241379
0.0013353744150537217,1759203774943601508
0.0034670750575436695,1759203774956997107
0.005865236862264844,1759203774969884845
-0.0037274121019491057,1759203774983161456
0.000535987437701539,1759203774997984518
0.001068913252822495,1759203775011592515
0.0018683002301746778,1759203775024524965
0.0016018373226141997,1759203775037828157
0.001068913252822495,1759203775050918893
0.007730473724529688,1759203775064192706
0.001068913252822495,1759203775077614513
0.004,1759203775091764671
0.0034670750575436695,1759203775105909808
0.002934150115087339,1759203775118774388
0.0018683002301746778,1759203775132259350
0.0018683002301746778,1759203775145549538
0.004799387500950958,1759203775158756489
0.0018683002301746778,1759203775171154205
0.006131699769825322,1759203775185154241
-0.0002633995396506446,1759203775199734477
0.0026676875565927113,1759203775213180345
0.002934150115087339,1759203775226479468
0.002134763137735156,1759203775239457936
-0.0005298624472111222,1759203775252809168
0.006931086747177505,1759203775266223511
0.004799387500950958,1759203775279278128
0.004266462558494628,1759203775294250876
0.003200612499049042,1759203775307689488
0.0034670750575436695,1759203775321225399
0.004799387500950958,1759203775333645948
0.0018683002301746778,1759203775347674081
0.000535987437701539,1759203775360878375
0.0066646255849462785,1759203775374012127
0.0016018373226141997,1759203775388640949
0.0002695262754703123,1759203775402163241
0.004532924942456331,1759203775415441760
0.004266462558494628,1759203775428152489
3.0633679098338723e-06,1759203775441583724
0.0018683002301746778,1759203775454944852
0.0016018373226141997,1759203775468122861
-0.0005298624472111222,1759203775481300060
0.005332312443407289,1759203775496228375
0.002934150115087339,1759203775509517320
0.005332312443407289,1759203775522775819
0.0016018373226141997,1759203775536128390
0.0026676875565927113,1759203775549267042
0.004,1759203775561916128
0.004799387500950958,1759203775575584429
0.0066646255849462785,1759203775590363645
0.005332312443407289,1759203775603843472
0.005598774827368992,1759203775617189210
0.0013353744150537217,1759203775630268910
0.004799387500950958,1759203775643562994
0.004,1759203775656215021
0.0034670750575436695,1759203775669789748
0.004532924942456331,1759203775683225631
0.005865236862264844,1759203775698001425
0.002134763137735156,1759203775711384936
0.003200612499049042,1759203775724926756
0.004,1759203775737716612
0.005065849884912661,1759203775751332500
-0.002928025124596922,1759203775764519762
0.003733537441505372,1759203775777163577
0.0034670750575436695,1759203775792502274
-0.000796323609442348,1759203775806206632
0.0034670750575436695,1759203775819405766
0.004799387500950958,1759203775832442183
0.0002695262754703123,1759203775845498144
0.004799387500950958,1759203775858710149
0.003733537441505372,1759203775872082939
0.001068913252822495,1759203775885359946
0.004532924942456331,1759203775900154421
0.002934150115087339,1759203775912940871
0.002134763137735156,1759203775926691094
0.002134763137735156,1759203775940132725
0.002934150115087339,1759203775953279645
0.004,1759203775965833543
0.0024012251726310083,1759203775979780371
0.003733537441505372,1759203775994694277
0.0013353744150537217,1759203776007819154
0.003200612499049042,1759203776020784699
0.0034670750575436695,1759203776034102801
0.000535987437701539,1759203776047220142
0.004532924942456331,1759203776060455073
0.0008024503452620162,1759203776073907398
0.003733537441505372,1759203776088429968
0.0016018373226141997,1759203776101894158
0.002134763137735156,1759203776115228438
3.0633679098338723e-06,1759203776128516945
0.004532924942456331,1759203776142127725
0.002134763137735156,1759203776155231196
0.0024012251726310083,1759203776168346212
0.0034670750575436695,1759203776181793389
-0.0005298624472111222,1759203776196264519
0.003200612499049042,1759203776209807709
0.007996936632090166,1759203776222708444
0.0013353744150537217,1759203776235862076
0.0018683002301746778,1759203776249197322
0.004,1759203776261857534
0.0013353744150537217,1759203776275857291
-0.0018621752396842618,1759203776290383061
0.005865236862264844,1759203776303783607
0.0034670750575436695,1759203776317060486
0.0018683002301746778,1759203776330682095
-0.0005298624472111222,1759203776343635800
0.0016018373226141997,1759203776356761828
3.0633679098338723e-06,1759203776370115398
0.003200612499049042,1759203776383445552
0.003733537441505372,1759203776397984146
0.001068913252822495,1759203776411307312
0.0066646255849462785,1759203776424252011
0.0024012251726310083,1759203776437771717
0.003733537441505372,1759203776451169329
-0.000796323609442348,1759203776464273947
0.004266462558494628,1759203776477670179
0.006398162677385801,1759203776491862430
-0.0002633995396506446,1759203776505736369
0.004532924942456331,1759203776519410956
0.004532924942456331,1759203776532417781
-0.0005298624472111222,1759203776545652695
0.004266462558494628,1759203776558887032
0.0066646255849462785,1759203776572090346
0.0013353744150537217,1759203776585779498
-0.001595712332123785,1759203776599921344
0.004266462558494628,1759203776613388523
0.0026676875565927113,1759203776626417568
0.004799387500950958,1759203776639657882
0.004799387500950958,1759203776652775312
0.005598774827368992,1759203776666176847
0.004266462558494628,1759203776679399519
0.004266462558494628,1759203776694070178
0.002934150115087339,1759203776707517599
0.002934150115087339,1759203776721059270
0.005065849884912661,1759203776733990834
0.002134763137735156,1759203776747358849
0.003733537441505372,1759203776760594569
0.005065849884912661,1759203776773742265
0.000535987437701539,1759203776788370397
0.0026676875565927113,1759203776802154466
0.003200612499049042,1759203776815301234
0.0002695262754703123,1759203776828782439
-0.0005298624472111222,1759203776841830367
0.0002695262754703123,1759203776855282419
0.001068913252822495,1759203776868522182
0.004,1759203776880327322
0.006131699769825322,1759203776896273773
0.005598774827368992,1759203776909730846
0.0002695262754703123,1759203776922796957
0.0018683002301746778,1759203776935990865
0.0002695262754703123,1759203776949321245
0.0026676875565927113,1759203776962565004
0.003733537441505372,1759203776975776054
0.006398162677385801,1759203776990460247
0.0066646255849462785,1759203777003801558
0.0018683002301746778,1759203777017320047
0.0008024503452620162,1759203777030688312
0.0018683002301746778,1759203777043542229
0.004532924942456331,1759203777056802892
0.007464012562298461,1759203777070041341
0.004,1759203777082859983
0.004799387500950958,1759203777098041909
0.004532924942456331,1759203777111624082
0.002934150115087339,1759203777124572311
0.004,1759203777137201616
0.002134763137735156,1759203777151185359
0.004,1759203777163753584
0.0026676875565927113,1759203777177362814
0.001068913252822495,1759203777192177783
0.005332312443407289,1759203777205712505
0.003733537441505372,1759203777218785699
0.0026676875565927113,1759203777231859908
0.0008024503452620162,1759203777245061371
0.0016018373226141997,1759203777258561707
-0.000796323609442348,1759203777271743267
0.002134763137735156,1759203777284894587
0.004266462558494628,1759203777299796354
0.001068913252822495,1759203777313059126
0.008529862447211121,1759203777325867392
0.002134763137735156,1759203777339033494
0.002934150115087339,1759203777351876377
0.002134763137735156,1759203777366112848
-0.0021286364019154885,1759203777379309299
0.0016018373226141997,1759203777393743727
0.005332312443407289,1759203777407557298
0.006931086747177505,1759203777420531841
0.005065849884912661,1759203777433893558
0.0002695262754703123,1759203777447294097
0.005598774827368992,1759203777460560750
0.005598774827368992,1759203777473730225
0.003200612499049042,1759203777488490511
0.0026676875565927113,1759203777501736991
0.004,1759203777514625436
0.0002695262754703123,1759203777528509223
0.004266462558494628,1759203777541880896
0.0008024503452620162,1759203777555117883
0.003733537441505372,1759203777568563986
0.006398162677385801,1759203777581279462
0.0026676875565927113,1759203777596329155
0.002934150115087339,1759203777609273251
0.005332312443407289,1759203777622523796
0.003733537441505372,1759203777636172647
0.002134763137735156,1759203777649194583
0.002934150115087339,1759203777662448641
0.0026676875565927113,1759203777675947367
0.005598774827368992,1759203777690396794
0.003200612499049042,1759203777703755183
0.005598774827368992,1759203777716770865
0.005065849884912661,1759203777729998517
0.0066646255849462785,1759203777743269026
0.004266462558494628,1759203777756743783
0.006131699769825322,1759203777769482279
0.004,1759203777782636767
0.004532924942456331,1759203777797520805
0.003200612499049042,1759203777811081114
0.0026676875565927113,1759203777824458231
0.005332312443407289,1759203777837278589
0.0024012251726310083,1759203777851212470
0.003733537441505372,1759203777864301132
0.002934150115087339,1759203777877576430
0.0026676875565927113,1759203777892011742
0.0018683002301746778,1759203777905392871
3.0633679098338723e-06,1759203777918855147
0.005598774827368992,1759203777932258626
0.004,1759203777944529781
0.004266462558494628,1759203777958738883
0.002934150115087339,1759203777971895363
0.0013353744150537217,1759203777985156724
-0.0013292494245633057,1759203777999632558
0.0024012251726310083,1759203778013382372
3.0633679098338723e-06,1759203778026380357
0.0026676875565927113,1759203778039645078
0.0024012251726310083,1759203778053108530
0.006398162677385801,1759203778066197067
0.003200612499049042,1759203778079510570
0.004,1759203778093651745
0.0026676875565927113,1759203778107725900
0.002934150115087339,1759203778120786556
0.005598774827368992,1759203778133948547
0.005065849884912661,1759203778147283348
0.0034670750575436695,1759203778160780767
0.005332312443407289,1759203778173718622
0.002134763137735156,1759203778188515897
0.002934150115087339,1759203778202031330
0.005332312443407289,1759203778215014247
0.007197549654737984,1759203778228512549
0.002934150115087339,1759203778241755184
0.003200612499049042,1759203778254968928
0.005065849884912661,1759203778267974836
0.0066646255849462785,1759203778280966693
0.0024012251726310083,1759203778296522753
0.0018683002301746778,1759203778309682625
0.0026676875565927113,1759203778322909895
-0.0002633995396506446,1759203778336288556
0.0018683002301746778,1759203778349230362
-0.0002633995396506446,1759203778362740740
0.0034670750575436695,1759203778375563780
0.0018683002301746778,1759203778390444548
0.003733537441505372,1759203778404094945
0.005598774827368992,1759203778417623046
0.002134763137735156,1759203778430770102
0.003200612499049042,1759203778443733853
-0.00106278826233208,1759203778457227110
0.005865236862264844,1759203778470328615
0.004532924942456331,1759203778483358336
0.004799387500950958,1759203778498339586
0.0008024503452620162,1759203778511258006
0.0016018373226141997,1759203778524476060
0.002934150115087339,1759203778537815720
-0.003993875009509583,1759203778551091034
0.0034670750575436695,1759203778564268629
0.005332312443407289,1759203778577514152
0.004,1759203778591396372
0.0016018373226141997,1759203778605922864
0.0024012251726310083,1759203778619109100
0.003200612499049042,1759203778632403686
0.005598774827368992,1759203778645139393
0.0026676875565927113,1759203778658591408
0.001068913252822495,1759203778671793768
0.004,1759203778684569122
3.0633679098338723e-06,1759203778699671778
0.0008024503452620162,1759203778712761582
0.005598774827368992,1759203778726040008
0.003733537441505372,1759203778739640234
0.0026676875565927113,1759203778752857860
-0.000796323609442348,1759203778766118194
0.0024012251726310083,1759203778779318153
0.002134763137735156,1759203778793875639
0.005865236862264844,1759203778807536333
0.0016018373226141997,1759203778820876166
0.004266462558494628,1759203778834256330
3.0633679098338723e-06,1759203778847261856
0.002934150115087339,1759203778860795309
0.004,1759203778873086430
-0.001595712332123785,1759203778888567657
0.0002695262754703123,1759203778901962681
0.004266462558494628,1759203778915247705
0.001068913252822495,1759203778928591344
0.001068913252822495,1759203778941765312
0.007996936632090166,1759203778954738194
0.003200612499049042,1759203778968320386
0.006131699769825322,1759203778981600523
0.0066646255849462785,1759203778996391388
0.002134763137735156,1759203779009393252
0.003200612499049042,1759203779022805664
0.005332312443407289,1759203779035712345
0.002134763137735156,1759203779049388178
0.004,1759203779061750763
0.004799387500950958,1759203779075634031
0.002134763137735156,1759203779090168584
0.002934150115087339,1759203779103753309
0.007730473724529688,1759203779117236723
0.004,1759203779130070905
0.002934150115087339,1759203779143790354
0.005065849884912661,1759203779157077442
0.0024012251726310083,1759203779170202331
0.004266462558494628,1759203779183507269
-0.0002633995396506446,1759203779198001688
0.0026676875565927113,1759203779211216106
0.0026676875565927113,1759203779224923993
0.005065849884912661,1759203779237736405
0.007464012562298461,1759203779251098536
0.003200612499049042,1759203779264493133
0.004266462558494628,1759203779277183147
0.0066646255849462785,1759203779292153585
0.007197549654737984,1759203779305473945
0.0066646255849462785,1759203779318649456
0.004532924942456331,1759203779332339042
0.0008024503452620162,1759203779345432905
0.002134763137735156,1759203779358370978
0.0016018373226141997,1759203779371793327
0.0008024503452620162,1759203779385117120
0.003733537441505372,1759203779399138972
0.0034670750575436695,1759203779413496784
0.005065849884912661,1759203779426366875
0.002934150115087339,1759203779439625228
0.007197549654737984,1759203779452661009
0.003200612499049042,1759203779466227031
0.0016018373226141997,1759203779479681987
0.007197549654737984,1759203779494122937
0.0034670750575436695,1759203779507839039
0.0026676875565927113,1759203779520886011
0.0034670750575436695,1759203779534333018
0.0016018373226141997,1759203779547198312
0.007464012562298461,1759203779560574605
0.005065849884912661,1759203779573535779
0.005332312443407289,1759203779588393184
0.004532924942456331,1759203779601733161
0.0008024503452620162,1759203779615007480
0.004532924942456331,1759203779628264649
0.0016018373226141997,1759203779641608060
0.0008024503452620162,1759203779654899553
0.004799387500950958,1759203779668068086
0.0013353744150537217,1759203779681059757
-0.0026615622170364454,1759203779695969891
0.006131699769825322,1759203779709482315
0.003200612499049042,1759203779722729512
-0.00106278826233208,1759203779735982328
-0.0005298624472111222,1759203779748909549
0.0016018373226141997,1759203779762249629
0.006931086747177505,1759203779775807696
0.0024012251726310083,1759203779790531392
0.0026676875565927113,1759203779803995126
0.001068913252822495,1759203779817139219
0.002934150115087339,1759203779830356236
0.005065849884912661,1759203779843612035
0.002134763137735156,1759203779856727827
-0.0023950993094759678,1759203779870116633
0.003200612499049042,1759203779883380177
0.002134763137735156,1759203779897960194
-0.0002633995396506446,1759203779911618330
0.0018683002301746778,1759203779924606228
0.005598774827368992,1759203779937656217
0.0013353744150537217,1759203779951231600
0.0034670750575436695,1759203779964352386
0.0016018373226141997,1759203779977755916
0.005865236862264844,1759203779992035466
0.0026676875565927113,1759203780005434862
0.0016018373226141997,1759203780018702954
0.0026676875565927113,1759203780032169661
0.004266462558494628,1759203780045544653
0.003200612499049042,1759203780058440857
0.0018683002301746778,1759203780071954177
0.004532924942456331,1759203780084816956
0.006398162677385801,1759203780099694148
0.0013353744150537217,1759203780113141938
0.001068913252822495,1759203780126548580
0.0013353744150537217,1759203780139809948
0.004,1759203780152535286
0.000535987437701539,1759203780166374197
0.005065849884912661,1759203780179401687
0.003733537441505372,1759203780194211125
0.005332312443407289,1759203780207334737
0.004266462558494628,1759203780220932183
0.0066646255849462785,1759203780234087626
0.002934150115087339,1759203780247354728
0.0002695262754703123,1759203780260505144
-0.00106278826233208,1759203780273587458
-0.0002633995396506446,1759203780288425293
0.0013353744150537217,1759203780301889777
0.005598774827368992,1759203780315092263
0.005332312443407289,1759203780328399107
0.002134763137735156,1759203780341673932
0.001068913252822495,1759203780354653587
0.003200612499049042,1759203780368357570
0.001068913252822495,1759203780381445240
0.004266462558494628,1759203780396086848
0.0024012251726310083,1759203780409376485
0.0013353744150537217,1759203780422778580
0.0024012251726310083,1759203780436355359
0.004532924942456331,1759203780449329187
0.003200612499049042,1759203780462499218
0.004266462558494628,1759203780475114597
-0.0013292494245633057,1759203780490455890
0.0026676875565927113,1759203780503836743
0.003200612499049042,1759203780517337435
0.0034670750575436695,1759203780530809580
0.0026676875565927113,1759203780543622749
0.005332312443407289,1759203780556890300
0.004799387500950958,1759203780570187345
0.005065849884912661,1759203780583129917
0.001068913252822495,1759203780597049995
0.002134763137735156,1759203780611391895
0.003733537441505372,1759203780624605500
0.003200612499049042,1759203780637895548
0.0016018373226141997,1759203780651301611
0.002134763137735156,1759203780664464238
0.005065849884912661,1759203780677456549
0.0002695262754703123,1759203780692352898
0.0018683002301746778,1759203780706007755
0.003733537441505372,1759203780718965949
0.0024012251726310083,1759203780732278036
0.002134763137735156,1759203780745683352
0.0034670750575436695,1759203780758906639
0.0066646255849462785,1759203780771991404
0.0002695262754703123,1759203780785410201
0.0018683002301746778,1759203780799736558
0.002134763137735156,1759203780813219449
0.0024012251726310083,1759203780826466994
0.0016018373226141997,1759203780839702724
0.002934150115087339,1759203780852202876
0.005065849884912661,1759203780866144834
0.0008024503452620162,1759203780879449969
0.004266462558494628,1759203780894095868
0.007197549654737984,1759203780907568129
0.0026676875565927113,1759203780921287846
0.0024012251726310083,1759203780934780440
0.003200612499049042,1759203780947564619
0.006131699769825322,1759203780960673925
0.003200612499049042,1759203780973928323
3.0633679098338723e-06,1759203780988681449
0.001068913252822495,1759203781001797075
3.0633679098338723e-06,1759203781014955049
0.005332312443407289,1759203781028256136
0.0018683002301746778,1759203781041565417
0.003733537441505372,1759203781054735080
0.0018683002301746778,1759203781068274241
0.000535987437701539,1759203781081401839
0.003200612499049042,1759203781095972858
0.006931086747177505,1759203781109165104
0.0024012251726310083,1759203781122714174
0.002934150115087339,1759203781135726389
0.004,1759203781148642065
0.003733537441505372,1759203781162548177
0.002934150115087339,1759203781175783253
0.004532924942456331,1759203781190118871
0.003733537441505372,1759203781203852491
-0.0005298624472111222,1759203781216792555
0.006131699769825322,1759203781230136358
0.005332312443407289,1759203781243202243
0.0018683002301746778,1759203781256691423
-0.0013292494245633057,1759203781270082800
0.0013353744150537217,1759203781283148973
-0.0013292494245633057,1759203781298167930
0.004,1759203781310708151
0.0002695262754703123,1759203781324511057
0.0018683002301746778,1759203781337836275
0.002934150115087339,1759203781351055542
0.002134763137735156,1759203781364331862
0.009329249424563306,1759203781377358091
0.003733537441505372,1759203781392513896
0.0066646255849462785,1759203781405379253
0.002134763137735156,1759203781418654783
0.004,1759203781431386442
0.000535987437701539,1759203781445394122
0.0002695262754703123,1759203781458682988
3.0633679098338723e-06,1759203781471598138
0.0034670750575436695,1759203781485083394
0.000535987437701539,1759203781499339152
0.0024012251726310083,1759203781513409740
3.0633679098338723e-06,1759203781526478209
0.0016018373226141997,1759203781539728674
0.006931086747177505,1759203781552788102
0.0008024503452620162,1759203781566195450
0.003200612499049042,1759203781579518849
0.004266462558494628,1759203781594220068
0.004,1759203781607032420
0.0026676875565927113,1759203781620748364
0.0024012251726310083,1759203781634075266
0.008263399539650645,1759203781647272159
0.004799387500950958,1759203781660467609
0.000535987437701539,1759203781673702748
0.003733537441505372,1759203781688391323
0.0013353744150537217,1759203781702094497
0.0016018373226141997,1759203781715289464
0.004266462558494628,1759203781728630211
0.003200612499049042,1759203781742034837
0.006131699769825322,1759203781755165083
0.005865236862264844,1759203781768361116
0.005065849884912661,1759203781781723210
0.003200612499049042,1759203781796211287
0.0024012251726310083,1759203781809749743
0.0026676875565927113,1759203781822922339
0.004,1759203781835374047
0.0024012251726310083,1759203781849529222
0.005598774827368992,1759203781862671727
0.001068913252822495,1759203781876043153
0.005332312443407289,1759203781890776312
0.0026676875565927113,1759203781903830905
0.0013353744150537217,1759203781917101041
0.0016018373226141997,1759203781930570089
0.002934150115087339,1759203781943617341
0.0016018373226141997,1759203781956796629
-0.0013292494245633057,1759203781969970963
0.010395099309475967,1759203781983264906
0.0002695262754703123,1759203781997894148
0.0024012251726310083,1759203782011377778
0.004799387500950958,1759203782024559739
0.0002695262754703123,1759203782037908933
0.002134763137735156,1759203782051197388
0.002934150115087339,1759203782064355051
0.004799387500950958,1759203782077492420
0.005065849884912661,1759203782092098209
0.0034670750575436695,1759203782105981088
0.0018683002301746778,1759203782118617144
-0.00106278826233208,1759203782132147170
0.003733537441505372,1759203782145406879
0.005332312443407289,1759203782158672441
-0.0005298624472111222,1759203782171721792
0.002934150115087339,1759203782185207124
0.003200612499049042,1759203782199682464
0.002934150115087339,1759203782213159260
-0.0023950993094759678,1759203782226509060
0.0024012251726310083,1759203782239800214
0.0034670750575436695,1759203782253132581
0.004799387500950958,1759203782266227479
0.0026676875565927113,1759203782279719109
0.005598774827368992,1759203782294433209
0.005598774827368992,1759203782307928348
0.0018683002301746778,1759203782321131266
0.0016018373226141997,1759203782334036752
0.0013353744150537217,1759203782347594607
0.0034670750575436695,1759203782360773998
0.005598774827368992,1759203782373895901
0.003200612499049042,1759203782388738279
0.002134763137735156,1759203782401718660
0.0066646255849462785,1759203782414973168
0.003200612499049042,1759203782428346986
0.002934150115087339,1759203782441652340
0.005065849884912661,1759203782454661280
0.006398162677385801,1759203782467990544
0.0026676875565927113,1759203782481325947
0.002134763137735156,1759203782496110579
0.002934150115087339,1759203782509495630
0.0026676875565927113,1759203782522814574
0.005332312443407289,1759203782536163516
0.0008024503452620162,1759203782549304550
0.005598774827368992,1759203782562699796
0.006131699769825322,1759203782575665859
0.005598774827368992,1759203782590450873
0.0034670750575436695,1759203782603564357
0.004,1759203782616797716
0.007197549654737984,1759203782630392214
0.006398162677385801,1759203782643779790
0.0013353744150537217,1759203782656695781
0.001068913252822495,1759203782669830767
0.004266462558494628,1759203782683597254
0.004532924942456331,1759203782698099272
0.0016018373226141997,1759203782711922574
0.0026676875565927113,1759203782725130407
0.0008024503452620162,1759203782738359873
-0.0005298624472111222,1759203782751613814
0.009329249424563306,1759203782764933771
0.004,1759203782777515607
0.004266462558494628,1759203782792459408
0.004799387500950958,1759203782805774434
0.007197549654737984,1759203782818834306
0.004,1759203782831468855
0.004799387500950958,1759203782845633194
-0.0023950993094759678,1759203782858687189
0.005065849884912661,1759203782871811870
0.002934150115087339,1759203782885245073
0.0002695262754703123,1759203782899631134
0.0024012251726310083,1759203782913455323
0.006131699769825322,1759203782926738262
0.004,1759203782939280234
0.0026676875565927113,1759203782953189285
0.001068913252822495,1759203782966473382
0.0034670750575436695,1759203782979925228
0.002934150115087339,1759203782994681276
